
> sipariskutusu@1.0.0 web
> expo start --web --port 8081

env: load .env
env: export EXPO_PUBLIC_SUPABASE_URL EXPO_PUBLIC_SUPABASE_ANON_KEY DATABASE_URL EXPO_PUBLIC_EMAIL_OTP_LENGTH EXPO_PUBLIC_MEDIA_STORAGE_MODE EXPO_PUBLIC_IMAGE_UPLOAD_TIMEOUT_MS EXPO_PUBLIC_MAX_IMAGE_BYTES EXPO_PUBLIC_IMAGE_UPLOAD_CONCURRENCY EXPO_PUBLIC_NOTIFICATION_DISPATCH_TIMEOUT_MS EMAIL_FROM_ADDRESS EMAIL_FROM_NAME EXPO_PUBLIC_SENTRY_DSN EXPO_PUBLIC_POSTHOG_API_KEY SUPABASE_SERVICE_ROLE_KEY META_APP_SECRET META_APP_ID EXPO_PUBLIC_BACKEND_STRICT_MODE EXPO_PUBLIC_POSTHOG_HOST
Starting project at C:\Users\altun\OneDrive\Masaüstü\sipariskutusu\sipariskutusu
Starting Metro Bundler
Waiting on http://localhost:8081
Logs for your project will appear below.
Web node_modules\expo-router\entry.js ▓▓▓▓▓▓░░░░░░░░░░ 39.9% (14/87)
λ node_modules\expo-router\node\render.js ▓▓░░░░░░░░░░░░░░ 14.8% ( 24/144)
Web node_modules\expo-router\entry.js ▓▓▓▓▓▓░░░░░░░░░░ 39.9% ( 20/117)
λ node_modules\expo-router\node\render.js ▓▓░░░░░░░░░░░░░░ 14.8% ( 95/309)
Web node_modules\expo-router\entry.js ▓▓▓▓▓▓░░░░░░░░░░ 39.9% ( 95/275)
λ node_modules\expo-router\node\render.js ▓▓▓░░░░░░░░░░░░░ 20.6% (245/540)
| [33m› [1m[@sentry/react-native/expo][22m Missing config for [1morganization, project[22m. Environment variables will be used as a fallback during the build. https://docs.sentry.io/platforms/react-native/manual-setup/[0m
Web node_modules\expo-router\entry.js ▓▓▓▓▓▓░░░░░░░░░░ 39.9% (441/839)
λ node_modules\expo-router\node\render.js ▓▓▓▓▓▓▓░░░░░░░░░ 43.9% ( 661/1221)
Web node_modules\expo-router\entry.js ▓▓▓▓▓▓░░░░░░░░░░ 39.9% ( 589/1124)
λ node_modules\expo-router\node\render.js ▓▓▓▓▓▓▓▓▓░░░░░░░ 61.7% (1118/1423)
Web node_modules\expo-router\entry.js ▓▓▓▓▓▓▓▓▓▓░░░░░░ 64.1% (1164/1454)
λ node_modules\expo-router\node\render.js ▓▓▓▓▓▓▓▓▓▓▓▓░░░░ 76.5% (1481/1693)
Web node_modules\expo-router\entry.js ▓▓▓▓▓▓▓▓▓▓▓▓░░░░ 79.7% (1640/1839)
λ node_modules\expo-router\node\render.js ▓▓▓▓▓▓▓▓▓▓▓▓▓░░░ 84.4% (1763/1957)
Web node_modules\expo-router\entry.js ░░░░░░░░░░░░░░░░  0.0% (0/1)
λ node_modules\expo-router\node\render.js ░░░░░░░░░░░░░░░░  0.0% (0/1)
Web node_modules\expo-router\entry.js ▓▓▓▓▓▓▓▓▓▓▓▓▓▓░░ 89.6% (1879/1985)
λ node_modules\expo-router\node\render.js ▓▓▓▓▓▓▓▓▓▓▓▓▓▓▓░ 93.9% (2030/2104)
Web node_modules\expo-router\entry.js ░░░░░░░░░░░░░░░░  0.0% (0/1)
λ node_modules\expo-router\node\render.js ░░░░░░░░░░░░░░░░  0.0% (0/1)
λ Bundled 29595ms node_modules\expo-router\node\render.js (2244 modules)
λ Bundled 7467ms node_modules\expo-router\node\render.js (1 module)
Web node_modules\expo-router\entry.js ▓▓▓▓▓▓▓▓▓▓▓▓▓▓▓░ 99.9% (2178/2178)
Web node_modules\expo-router\entry.js ░░░░░░░░░░░░░░░░  0.0% (0/1)
Web platform detected. Using RevenueCat in Browser Mode.
Web node_modules\expo-router\entry.js ▓▓▓▓▓▓▓▓▓▓▓▓▓▓▓░ 99.9% (2178/2178)
Web node_modules\expo-router\entry.js ░░░░░░░░░░░░░░░░  0.0% (0/1)
Web platform detected. Using RevenueCat in Browser Mode.
Web node_modules\expo-router\entry.js ▓▓▓▓▓▓▓▓▓▓▓▓▓▓▓░ 99.9% (2178/2178)
Web node_modules\expo-router\entry.js ░░░░░░░░░░░░░░░░  0.0% (0/1)
Web Bundled 37207ms node_modules\expo-router\entry.js (2178 modules)
Web Bundled 15068ms node_modules\expo-router\entry.js (1 module)
Web node_modules\expo-router\entry.js ▓▓▓▓▓▓░░░░░░░░░░ 37.9% ( 633/1054)
Web node_modules\expo-router\entry.js ▓▓▓▓▓▓▓▓▓▓▓▓▓░░░ 84.9% (1602/1741)
Web node_modules\expo-router\entry.js ▓▓▓▓▓▓▓▓▓▓▓▓▓▓▓░ 97.4% (2140/2168)
Web Bundled 11419ms node_modules\expo-router\entry.js (2179 modules)
 LOG  [web] Logs will appear in the browser console
Web Bundled 676ms node_modules\expo-notifications\build\index.js (504 modules)
Web node_modules\expo-router\entry.js ░░░░░░░░░░░░░░░░  0.0% (0/1)
λ Bundled 170ms node_modules\expo-router\node\render.js (1 module)
Web platform detected. Using RevenueCat in Browser Mode.
Web node_modules\expo-router\entry.js ░░░░░░░░░░░░░░░░  0.0% (0/1)
Web Bundled 1673ms node_modules\expo-router\entry.js (1 module)
Web node_modules\expo-router\entry.js ░░░░░░░░░░░░░░░░  0.0% (0/1)
Web node_modules\expo-router\entry.js ░░░░░░░░░░░░░░░░  0.0% (0/1)
λ node_modules\expo-router\node\render.js ░░░░░░░░░░░░░░░░  0.0% (0/1)
λ Bundled 4791ms node_modules\expo-router\node\render.js (1 module)
Web node_modules\expo-router\entry.js ░░░░░░░░░░░░░░░░  0.0% (0/1)
λ node_modules\expo-router\node\render.js ░░░░░░░░░░░░░░░░  0.0% (0/1)
Web Bundled 5370ms node_modules\expo-router\entry.js (1 module)
Web platform detected. Using RevenueCat in Browser Mode.
Web Bundled 127ms node_modules\expo-router\entry.js (1 module)
 LOG  [web] Logs will appear in the browser console
Web Bundled 36ms node_modules\expo-notifications\build\index.js (1 module)
 ERROR  SyntaxError: C:\Users\altun\OneDrive\Masaüstü\sipariskutusu\sipariskutusu\app\messages.tsx: Unexpected token, expected "}" (2301:18)

  2299 |                     <Text style={{ fontFamily: fonts.medium, fontSize: 12, color: palette.textSecondary, marginLeft: 8, flex: 1 }}>{messagesT.noProductConnected}</Text>
  2300 |                   </View>
> 2301 |                 ) : null}
       |                   ^
  2302 |                 <View style={{ backgroundColor: '#FFFBEB', borderRadius: 14, paddingHorizontal: 12, paddingVertical: 8, marginTop: 8, flexDirection: 'row', alignItems: 'center' }}>
  2303 |                   <Ionicons name="shield-checkmark-outline" size={14} color="#92400E" style={{ marginRight: 6 }} />
  2304 |                   <Text style={{ fontFamily: fonts.medium, fontSize: 11, color: '#92400E', flex: 1 }}>{messagesT.safetyNotice}</Text>
    at constructor (C:\Users\altun\OneDrive\Masaüstü\sipariskutusu\sipariskutusu\node_modules\@babel\parser\lib\index.js:365:19)
    at TypeScriptParserMixin.raise (C:\Users\altun\OneDrive\Masaüstü\sipariskutusu\sipariskutusu\node_modules\@babel\parser\lib\index.js:6599:19)
    at TypeScriptParserMixin.unexpected (C:\Users\altun\OneDrive\Masaüstü\sipariskutusu\sipariskutusu\node_modules\@babel\parser\lib\index.js:6619:16)
    at TypeScriptParserMixin.expect (C:\Users\altun\OneDrive\Masaüstü\sipariskutusu\sipariskutusu\node_modules\@babel\parser\lib\index.js:6899:12)
    at TypeScriptParserMixin.jsxParseExpressionContainer (C:\Users\altun\OneDrive\Masaüstü\sipariskutusu\sipariskutusu\node_modules\@babel\parser\lib\index.js:4637:10)
    at TypeScriptParserMixin.jsxParseElementAt (C:\Users\altun\OneDrive\Masaüstü\sipariskutusu\sipariskutusu\node_modules\@babel\parser\lib\index.js:4711:36)
    at TypeScriptParserMixin.jsxParseElement (C:\Users\altun\OneDrive\Masaüstü\sipariskutusu\sipariskutusu\node_modules\@babel\parser\lib\index.js:4749:17)
    at TypeScriptParserMixin.parseExprAtom (C:\Users\altun\OneDrive\Masaüstü\sipariskutusu\sipariskutusu\node_modules\@babel\parser\lib\index.js:4759:19)
    at TypeScriptParserMixin.parseExprSubscripts (C:\Users\altun\OneDrive\Masaüstü\sipariskutusu\sipariskutusu\node_modules\@babel\parser\lib\index.js:11081:23)
    at TypeScriptParserMixin.parseUpdate (C:\Users\altun\OneDrive\Masaüstü\sipariskutusu\sipariskutusu\node_modules\@babel\parser\lib\index.js:11066:21)
    at TypeScriptParserMixin.parseMaybeUnary (C:\Users\altun\OneDrive\Masaüstü\sipariskutusu\sipariskutusu\node_modules\@babel\parser\lib\index.js:11046:23)
    at TypeScriptParserMixin.parseMaybeUnary (C:\Users\altun\OneDrive\Masaüstü\sipariskutusu\sipariskutusu\node_modules\@babel\parser\lib\index.js:9837:18)
    at TypeScriptParserMixin.parseMaybeUnaryOrPrivate (C:\Users\altun\OneDrive\Masaüstü\sipariskutusu\sipariskutusu\node_modules\@babel\parser\lib\index.js:10899:61)
    at TypeScriptParserMixin.parseExprOps (C:\Users\altun\OneDrive\Masaüstü\sipariskutusu\sipariskutusu\node_modules\@babel\parser\lib\index.js:10904:23)
    at TypeScriptParserMixin.parseMaybeConditional (C:\Users\altun\OneDrive\Masaüstü\sipariskutusu\sipariskutusu\node_modules\@babel\parser\lib\index.js:10881:23)
    at TypeScriptParserMixin.parseMaybeAssign (C:\Users\altun\OneDrive\Masaüstü\sipariskutusu\sipariskutusu\node_modules\@babel\parser\lib\index.js:10831:21)
    at C:\Users\altun\OneDrive\Masaüstü\sipariskutusu\sipariskutusu\node_modules\@babel\parser\lib\index.js:9775:39
    at TypeScriptParserMixin.tryParse (C:\Users\altun\OneDrive\Masaüstü\sipariskutusu\sipariskutusu\node_modules\@babel\parser\lib\index.js:6907:20)
    at TypeScriptParserMixin.parseMaybeAssign (C:\Users\altun\OneDrive\Masaüstü\sipariskutusu\sipariskutusu\node_modules\@babel\parser\lib\index.js:9775:18)
    at TypeScriptParserMixin.parseExpressionBase (C:\Users\altun\OneDrive\Masaüstü\sipariskutusu\sipariskutusu\node_modules\@babel\parser\lib\index.js:10784:23)
    at C:\Users\altun\OneDrive\Masaüstü\sipariskutusu\sipariskutusu\node_modules\@babel\parser\lib\index.js:10780:39
    at TypeScriptParserMixin.allowInAnd (C:\Users\altun\OneDrive\Masaüstü\sipariskutusu\sipariskutusu\node_modules\@babel\parser\lib\index.js:12426:12)
    at TypeScriptParserMixin.parseExpression (C:\Users\altun\OneDrive\Masaüstü\sipariskutusu\sipariskutusu\node_modules\@babel\parser\lib\index.js:10780:17)
    at TypeScriptParserMixin.jsxParseExpressionContainer (C:\Users\altun\OneDrive\Masaüstü\sipariskutusu\sipariskutusu\node_modules\@babel\parser\lib\index.js:4632:31)
    at TypeScriptParserMixin.jsxParseAttributeValue (C:\Users\altun\OneDrive\Masaüstü\sipariskutusu\sipariskutusu\node_modules\@babel\parser\lib\index.js:4604:21)
    at TypeScriptParserMixin.jsxParseAttribute (C:\Users\altun\OneDrive\Masaüstü\sipariskutusu\sipariskutusu\node_modules\@babel\parser\lib\index.js:4653:38)
    at TypeScriptParserMixin.jsxParseOpeningElementAfterName (C:\Users\altun\OneDrive\Masaüstü\sipariskutusu\sipariskutusu\node_modules\@babel\parser\lib\index.js:4667:28)
    at TypeScriptParserMixin.jsxParseOpeningElementAfterName (C:\Users\altun\OneDrive\Masaüstü\sipariskutusu\sipariskutusu\node_modules\@babel\parser\lib\index.js:10043:18)
    at TypeScriptParserMixin.jsxParseOpeningElementAt (C:\Users\altun\OneDrive\Masaüstü\sipariskutusu\sipariskutusu\node_modules\@babel\parser\lib\index.js:4662:17)
    at TypeScriptParserMixin.jsxParseElementAt (C:\Users\altun\OneDrive\Masaüstü\sipariskutusu\sipariskutusu\node_modules\@babel\parser\lib\index.js:4686:33)
    at TypeScriptParserMixin.jsxParseElementAt (C:\Users\altun\OneDrive\Masaüstü\sipariskutusu\sipariskutusu\node_modules\@babel\parser\lib\index.js:4698:32)
    at TypeScriptParserMixin.jsxParseElement (C:\Users\altun\OneDrive\Masaüstü\sipariskutusu\sipariskutusu\node_modules\@babel\parser\lib\index.js:4749:17)
    at TypeScriptParserMixin.parseExprAtom (C:\Users\altun\OneDrive\Masaüstü\sipariskutusu\sipariskutusu\node_modules\@babel\parser\lib\index.js:4759:19)
    at TypeScriptParserMixin.parseExprSubscripts (C:\Users\altun\OneDrive\Masaüstü\sipariskutusu\sipariskutusu\node_modules\@babel\parser\lib\index.js:11081:23)
    at TypeScriptParserMixin.parseUpdate (C:\Users\altun\OneDrive\Masaüstü\sipariskutusu\sipariskutusu\node_modules\@babel\parser\lib\index.js:11066:21)
    at TypeScriptParserMixin.parseMaybeUnary (C:\Users\altun\OneDrive\Masaüstü\sipariskutusu\sipariskutusu\node_modules\@babel\parser\lib\index.js:11046:23)
    at TypeScriptParserMixin.parseMaybeUnary (C:\Users\altun\OneDrive\Masaüstü\sipariskutusu\sipariskutusu\node_modules\@babel\parser\lib\index.js:9837:18)
    at TypeScriptParserMixin.parseMaybeUnaryOrPrivate (C:\Users\altun\OneDrive\Masaüstü\sipariskutusu\sipariskutusu\node_modules\@babel\parser\lib\index.js:10899:61)
    at TypeScriptParserMixin.parseExprOps (C:\Users\altun\OneDrive\Masaüstü\sipariskutusu\sipariskutusu\node_modules\@babel\parser\lib\index.js:10904:23)
    at TypeScriptParserMixin.parseMaybeConditional (C:\Users\altun\OneDrive\Masaüstü\sipariskutusu\sipariskutusu\node_modules\@babel\parser\lib\index.js:10881:23)
    at TypeScriptParserMixin.parseMaybeAssign (C:\Users\altun\OneDrive\Masaüstü\sipariskutusu\sipariskutusu\node_modules\@babel\parser\lib\index.js:10831:21)
    at C:\Users\altun\OneDrive\Masaüstü\sipariskutusu\sipariskutusu\node_modules\@babel\parser\lib\index.js:9775:39
    at TypeScriptParserMixin.tryParse (C:\Users\altun\OneDrive\Masaüstü\sipariskutusu\sipariskutusu\node_modules\@babel\parser\lib\index.js:6907:20)
    at TypeScriptParserMixin.parseMaybeAssign (C:\Users\altun\OneDrive\Masaüstü\sipariskutusu\sipariskutusu\node_modules\@babel\parser\lib\index.js:9775:18)
    at C:\Users\altun\OneDrive\Masaüstü\sipariskutusu\sipariskutusu\node_modules\@babel\parser\lib\index.js:10800:39
    at TypeScriptParserMixin.allowInAnd (C:\Users\altun\OneDrive\Masaüstü\sipariskutusu\sipariskutusu\node_modules\@babel\parser\lib\index.js:12426:12)
    at TypeScriptParserMixin.parseMaybeAssignAllowIn (C:\Users\altun\OneDrive\Masaüstü\sipariskutusu\sipariskutusu\node_modules\@babel\parser\lib\index.js:10800:17)
    at TypeScriptParserMixin.parseMaybeAssignAllowInOrVoidPattern (C:\Users\altun\OneDrive\Masaüstü\sipariskutusu\sipariskutusu\node_modules\@babel\parser\lib\index.js:12493:17)
    at TypeScriptParserMixin.parseParenAndDistinguishExpression (C:\Users\altun\OneDrive\Masaüstü\sipariskutusu\sipariskutusu\node_modules\@babel\parser\lib\index.js:11675:28)
    at TypeScriptParserMixin.parseExprAtom (C:\Users\altun\OneDrive\Masaüstü\sipariskutusu\sipariskutusu\node_modules\@babel\parser\lib\index.js:11331:23)
 ERROR  SyntaxError: C:\Users\altun\OneDrive\Masaüstü\sipariskutusu\sipariskutusu\app\messages.tsx: Unexpected token, expected ":" (2025:17)

  2023 |                     <Text style={{ fontFamily: fonts.bold, fontSize: 11, color: '#fff' }}>{totalUnread > 99 ? '99+' : totalUnread}</Text>
  2024 |                   </View>
> 2025 |                 )}
       |                  ^
  2026 |               </View>
  2027 |               <Text style={{ fontFamily: fonts.regular, fontSize: 11, color: palette.textSecondary, marginTop: 1 }} numberOfLines={1}>
  2028 |                 {messagesT.marketplaceInbox}
    at constructor (C:\Users\altun\OneDrive\Masaüstü\sipariskutusu\sipariskutusu\node_modules\@babel\parser\lib\index.js:365:19)
    at TypeScriptParserMixin.raise (C:\Users\altun\OneDrive\Masaüstü\sipariskutusu\sipariskutusu\node_modules\@babel\parser\lib\index.js:6599:19)
    at TypeScriptParserMixin.unexpected (C:\Users\altun\OneDrive\Masaüstü\sipariskutusu\sipariskutusu\node_modules\@babel\parser\lib\index.js:6619:16)
    at TypeScriptParserMixin.expect (C:\Users\altun\OneDrive\Masaüstü\sipariskutusu\sipariskutusu\node_modules\@babel\parser\lib\index.js:6899:12)
    at TypeScriptParserMixin.parseConditional (C:\Users\altun\OneDrive\Masaüstü\sipariskutusu\sipariskutusu\node_modules\@babel\parser\lib\index.js:10892:12)
    at TypeScriptParserMixin.parseConditional (C:\Users\altun\OneDrive\Masaüstü\sipariskutusu\sipariskutusu\node_modules\@babel\parser\lib\index.js:9603:18)
    at TypeScriptParserMixin.parseMaybeConditional (C:\Users\altun\OneDrive\Masaüstü\sipariskutusu\sipariskutusu\node_modules\@babel\parser\lib\index.js:10885:17)
    at TypeScriptParserMixin.parseMaybeAssign (C:\Users\altun\OneDrive\Masaüstü\sipariskutusu\sipariskutusu\node_modules\@babel\parser\lib\index.js:10831:21)
    at TypeScriptParserMixin.parseMaybeAssign (C:\Users\altun\OneDrive\Masaüstü\sipariskutusu\sipariskutusu\node_modules\@babel\parser\lib\index.js:9786:20)
    at TypeScriptParserMixin.parseExpressionBase (C:\Users\altun\OneDrive\Masaüstü\sipariskutusu\sipariskutusu\node_modules\@babel\parser\lib\index.js:10784:23)
    at C:\Users\altun\OneDrive\Masaüstü\sipariskutusu\sipariskutusu\node_modules\@babel\parser\lib\index.js:10780:39
    at TypeScriptParserMixin.allowInAnd (C:\Users\altun\OneDrive\Masaüstü\sipariskutusu\sipariskutusu\node_modules\@babel\parser\lib\index.js:12426:12)
    at TypeScriptParserMixin.parseExpression (C:\Users\altun\OneDrive\Masaüstü\sipariskutusu\sipariskutusu\node_modules\@babel\parser\lib\index.js:10780:17)
    at TypeScriptParserMixin.jsxParseExpressionContainer (C:\Users\altun\OneDrive\Masaüstü\sipariskutusu\sipariskutusu\node_modules\@babel\parser\lib\index.js:4632:31)
    at TypeScriptParserMixin.jsxParseElementAt (C:\Users\altun\OneDrive\Masaüstü\sipariskutusu\sipariskutusu\node_modules\@babel\parser\lib\index.js:4711:36)
    at TypeScriptParserMixin.jsxParseElementAt (C:\Users\altun\OneDrive\Masaüstü\sipariskutusu\sipariskutusu\node_modules\@babel\parser\lib\index.js:4698:32)
    at TypeScriptParserMixin.jsxParseElement (C:\Users\altun\OneDrive\Masaüstü\sipariskutusu\sipariskutusu\node_modules\@babel\parser\lib\index.js:4749:17)
    at TypeScriptParserMixin.parseExprAtom (C:\Users\altun\OneDrive\Masaüstü\sipariskutusu\sipariskutusu\node_modules\@babel\parser\lib\index.js:4759:19)
    at TypeScriptParserMixin.parseExprSubscripts (C:\Users\altun\OneDrive\Masaüstü\sipariskutusu\sipariskutusu\node_modules\@babel\parser\lib\index.js:11081:23)
    at TypeScriptParserMixin.parseUpdate (C:\Users\altun\OneDrive\Masaüstü\sipariskutusu\sipariskutusu\node_modules\@babel\parser\lib\index.js:11066:21)
    at TypeScriptParserMixin.parseMaybeUnary (C:\Users\altun\OneDrive\Masaüstü\sipariskutusu\sipariskutusu\node_modules\@babel\parser\lib\index.js:11046:23)
    at TypeScriptParserMixin.parseMaybeUnary (C:\Users\altun\OneDrive\Masaüstü\sipariskutusu\sipariskutusu\node_modules\@babel\parser\lib\index.js:9837:18)
    at TypeScriptParserMixin.parseMaybeUnaryOrPrivate (C:\Users\altun\OneDrive\Masaüstü\sipariskutusu\sipariskutusu\node_modules\@babel\parser\lib\index.js:10899:61)
    at TypeScriptParserMixin.parseExprOps (C:\Users\altun\OneDrive\Masaüstü\sipariskutusu\sipariskutusu\node_modules\@babel\parser\lib\index.js:10904:23)
    at TypeScriptParserMixin.parseMaybeConditional (C:\Users\altun\OneDrive\Masaüstü\sipariskutusu\sipariskutusu\node_modules\@babel\parser\lib\index.js:10881:23)
    at TypeScriptParserMixin.parseMaybeAssign (C:\Users\altun\OneDrive\Masaüstü\sipariskutusu\sipariskutusu\node_modules\@babel\parser\lib\index.js:10831:21)
    at C:\Users\altun\OneDrive\Masaüstü\sipariskutusu\sipariskutusu\node_modules\@babel\parser\lib\index.js:9775:39
    at TypeScriptParserMixin.tryParse (C:\Users\altun\OneDrive\Masaüstü\sipariskutusu\sipariskutusu\node_modules\@babel\parser\lib\index.js:6907:20)
    at TypeScriptParserMixin.parseMaybeAssign (C:\Users\altun\OneDrive\Masaüstü\sipariskutusu\sipariskutusu\node_modules\@babel\parser\lib\index.js:9775:18)
    at C:\Users\altun\OneDrive\Masaüstü\sipariskutusu\sipariskutusu\node_modules\@babel\parser\lib\index.js:10800:39
    at TypeScriptParserMixin.allowInAnd (C:\Users\altun\OneDrive\Masaüstü\sipariskutusu\sipariskutusu\node_modules\@babel\parser\lib\index.js:12426:12)
    at TypeScriptParserMixin.parseMaybeAssignAllowIn (C:\Users\altun\OneDrive\Masaüstü\sipariskutusu\sipariskutusu\node_modules\@babel\parser\lib\index.js:10800:17)
    at TypeScriptParserMixin.parseMaybeAssignAllowInOrVoidPattern (C:\Users\altun\OneDrive\Masaüstü\sipariskutusu\sipariskutusu\node_modules\@babel\parser\lib\index.js:12493:17)
    at TypeScriptParserMixin.parseParenAndDistinguishExpression (C:\Users\altun\OneDrive\Masaüstü\sipariskutusu\sipariskutusu\node_modules\@babel\parser\lib\index.js:11675:28)
    at TypeScriptParserMixin.parseExprAtom (C:\Users\altun\OneDrive\Masaüstü\sipariskutusu\sipariskutusu\node_modules\@babel\parser\lib\index.js:11331:23)
    at TypeScriptParserMixin.parseExprAtom (C:\Users\altun\OneDrive\Masaüstü\sipariskutusu\sipariskutusu\node_modules\@babel\parser\lib\index.js:4764:20)
    at TypeScriptParserMixin.parseExprSubscripts (C:\Users\altun\OneDrive\Masaüstü\sipariskutusu\sipariskutusu\node_modules\@babel\parser\lib\index.js:11081:23)
    at TypeScriptParserMixin.parseUpdate (C:\Users\altun\OneDrive\Masaüstü\sipariskutusu\sipariskutusu\node_modules\@babel\parser\lib\index.js:11066:21)
    at TypeScriptParserMixin.parseMaybeUnary (C:\Users\altun\OneDrive\Masaüstü\sipariskutusu\sipariskutusu\node_modules\@babel\parser\lib\index.js:11046:23)
    at TypeScriptParserMixin.parseMaybeUnary (C:\Users\altun\OneDrive\Masaüstü\sipariskutusu\sipariskutusu\node_modules\@babel\parser\lib\index.js:9837:18)
    at TypeScriptParserMixin.parseMaybeUnaryOrPrivate (C:\Users\altun\OneDrive\Masaüstü\sipariskutusu\sipariskutusu\node_modules\@babel\parser\lib\index.js:10899:61)
    at TypeScriptParserMixin.parseExprOps (C:\Users\altun\OneDrive\Masaüstü\sipariskutusu\sipariskutusu\node_modules\@babel\parser\lib\index.js:10904:23)
    at TypeScriptParserMixin.parseMaybeConditional (C:\Users\altun\OneDrive\Masaüstü\sipariskutusu\sipariskutusu\node_modules\@babel\parser\lib\index.js:10881:23)
    at TypeScriptParserMixin.parseMaybeAssign (C:\Users\altun\OneDrive\Masaüstü\sipariskutusu\sipariskutusu\node_modules\@babel\parser\lib\index.js:10831:21)
    at TypeScriptParserMixin.parseMaybeAssign (C:\Users\altun\OneDrive\Masaüstü\sipariskutusu\sipariskutusu\node_modules\@babel\parser\lib\index.js:9786:20)
    at TypeScriptParserMixin.parseConditional (C:\Users\altun\OneDrive\Masaüstü\sipariskutusu\sipariskutusu\node_modules\@babel\parser\lib\index.js:10893:29)
    at TypeScriptParserMixin.parseConditional (C:\Users\altun\OneDrive\Masaüstü\sipariskutusu\sipariskutusu\node_modules\@babel\parser\lib\index.js:9603:18)
    at TypeScriptParserMixin.parseMaybeConditional (C:\Users\altun\OneDrive\Masaüstü\sipariskutusu\sipariskutusu\node_modules\@babel\parser\lib\index.js:10885:17)
    at TypeScriptParserMixin.parseMaybeAssign (C:\Users\altun\OneDrive\Masaüstü\sipariskutusu\sipariskutusu\node_modules\@babel\parser\lib\index.js:10831:21)
    at TypeScriptParserMixin.parseMaybeAssign (C:\Users\altun\OneDrive\Masaüstü\sipariskutusu\sipariskutusu\node_modules\@babel\parser\lib\index.js:9786:20)
 ERROR  SyntaxError: C:\Users\altun\OneDrive\Masaüstü\sipariskutusu\sipariskutusu\app\messages.tsx: Unexpected token, expected "}" (2014:18)

  2012 |                 ) : (
  2013 |                   <Text style={{ fontFamily: fonts.regular, fontSize: 12, color: palette.textSecondary }}>{messagesT.demoChat}</Text>
> 2014 |                 ) : null}
       |                   ^
  2015 |               </View>
  2016 |             </View>
  2017 |           ) : (
    at constructor (C:\Users\altun\OneDrive\Masaüstü\sipariskutusu\sipariskutusu\node_modules\@babel\parser\lib\index.js:365:19)
    at TypeScriptParserMixin.raise (C:\Users\altun\OneDrive\Masaüstü\sipariskutusu\sipariskutusu\node_modules\@babel\parser\lib\index.js:6599:19)
    at TypeScriptParserMixin.unexpected (C:\Users\altun\OneDrive\Masaüstü\sipariskutusu\sipariskutusu\node_modules\@babel\parser\lib\index.js:6619:16)
    at TypeScriptParserMixin.expect (C:\Users\altun\OneDrive\Masaüstü\sipariskutusu\sipariskutusu\node_modules\@babel\parser\lib\index.js:6899:12)
    at TypeScriptParserMixin.jsxParseExpressionContainer (C:\Users\altun\OneDrive\Masaüstü\sipariskutusu\sipariskutusu\node_modules\@babel\parser\lib\index.js:4637:10)
    at TypeScriptParserMixin.jsxParseElementAt (C:\Users\altun\OneDrive\Masaüstü\sipariskutusu\sipariskutusu\node_modules\@babel\parser\lib\index.js:4711:36)
    at TypeScriptParserMixin.jsxParseElementAt (C:\Users\altun\OneDrive\Masaüstü\sipariskutusu\sipariskutusu\node_modules\@babel\parser\lib\index.js:4698:32)
    at TypeScriptParserMixin.jsxParseElement (C:\Users\altun\OneDrive\Masaüstü\sipariskutusu\sipariskutusu\node_modules\@babel\parser\lib\index.js:4749:17)
    at TypeScriptParserMixin.parseExprAtom (C:\Users\altun\OneDrive\Masaüstü\sipariskutusu\sipariskutusu\node_modules\@babel\parser\lib\index.js:4759:19)
    at TypeScriptParserMixin.parseExprSubscripts (C:\Users\altun\OneDrive\Masaüstü\sipariskutusu\sipariskutusu\node_modules\@babel\parser\lib\index.js:11081:23)
    at TypeScriptParserMixin.parseUpdate (C:\Users\altun\OneDrive\Masaüstü\sipariskutusu\sipariskutusu\node_modules\@babel\parser\lib\index.js:11066:21)
    at TypeScriptParserMixin.parseMaybeUnary (C:\Users\altun\OneDrive\Masaüstü\sipariskutusu\sipariskutusu\node_modules\@babel\parser\lib\index.js:11046:23)
    at TypeScriptParserMixin.parseMaybeUnary (C:\Users\altun\OneDrive\Masaüstü\sipariskutusu\sipariskutusu\node_modules\@babel\parser\lib\index.js:9837:18)
    at TypeScriptParserMixin.parseMaybeUnaryOrPrivate (C:\Users\altun\OneDrive\Masaüstü\sipariskutusu\sipariskutusu\node_modules\@babel\parser\lib\index.js:10899:61)
    at TypeScriptParserMixin.parseExprOps (C:\Users\altun\OneDrive\Masaüstü\sipariskutusu\sipariskutusu\node_modules\@babel\parser\lib\index.js:10904:23)
    at TypeScriptParserMixin.parseMaybeConditional (C:\Users\altun\OneDrive\Masaüstü\sipariskutusu\sipariskutusu\node_modules\@babel\parser\lib\index.js:10881:23)
    at TypeScriptParserMixin.parseMaybeAssign (C:\Users\altun\OneDrive\Masaüstü\sipariskutusu\sipariskutusu\node_modules\@babel\parser\lib\index.js:10831:21)
    at C:\Users\altun\OneDrive\Masaüstü\sipariskutusu\sipariskutusu\node_modules\@babel\parser\lib\index.js:9775:39
    at TypeScriptParserMixin.tryParse (C:\Users\altun\OneDrive\Masaüstü\sipariskutusu\sipariskutusu\node_modules\@babel\parser\lib\index.js:6907:20)
    at TypeScriptParserMixin.parseMaybeAssign (C:\Users\altun\OneDrive\Masaüstü\sipariskutusu\sipariskutusu\node_modules\@babel\parser\lib\index.js:9775:18)
    at C:\Users\altun\OneDrive\Masaüstü\sipariskutusu\sipariskutusu\node_modules\@babel\parser\lib\index.js:10800:39
    at TypeScriptParserMixin.allowInAnd (C:\Users\altun\OneDrive\Masaüstü\sipariskutusu\sipariskutusu\node_modules\@babel\parser\lib\index.js:12426:12)
    at TypeScriptParserMixin.parseMaybeAssignAllowIn (C:\Users\altun\OneDrive\Masaüstü\sipariskutusu\sipariskutusu\node_modules\@babel\parser\lib\index.js:10800:17)
    at TypeScriptParserMixin.parseMaybeAssignAllowInOrVoidPattern (C:\Users\altun\OneDrive\Masaüstü\sipariskutusu\sipariskutusu\node_modules\@babel\parser\lib\index.js:12493:17)
    at TypeScriptParserMixin.parseParenAndDistinguishExpression (C:\Users\altun\OneDrive\Masaüstü\sipariskutusu\sipariskutusu\node_modules\@babel\parser\lib\index.js:11675:28)
    at TypeScriptParserMixin.parseExprAtom (C:\Users\altun\OneDrive\Masaüstü\sipariskutusu\sipariskutusu\node_modules\@babel\parser\lib\index.js:11331:23)
    at TypeScriptParserMixin.parseExprAtom (C:\Users\altun\OneDrive\Masaüstü\sipariskutusu\sipariskutusu\node_modules\@babel\parser\lib\index.js:4764:20)
    at TypeScriptParserMixin.parseExprSubscripts (C:\Users\altun\OneDrive\Masaüstü\sipariskutusu\sipariskutusu\node_modules\@babel\parser\lib\index.js:11081:23)
    at TypeScriptParserMixin.parseUpdate (C:\Users\altun\OneDrive\Masaüstü\sipariskutusu\sipariskutusu\node_modules\@babel\parser\lib\index.js:11066:21)
    at TypeScriptParserMixin.parseMaybeUnary (C:\Users\altun\OneDrive\Masaüstü\sipariskutusu\sipariskutusu\node_modules\@babel\parser\lib\index.js:11046:23)
    at TypeScriptParserMixin.parseMaybeUnary (C:\Users\altun\OneDrive\Masaüstü\sipariskutusu\sipariskutusu\node_modules\@babel\parser\lib\index.js:9837:18)
    at TypeScriptParserMixin.parseMaybeUnaryOrPrivate (C:\Users\altun\OneDrive\Masaüstü\sipariskutusu\sipariskutusu\node_modules\@babel\parser\lib\index.js:10899:61)
    at TypeScriptParserMixin.parseExprOps (C:\Users\altun\OneDrive\Masaüstü\sipariskutusu\sipariskutusu\node_modules\@babel\parser\lib\index.js:10904:23)
    at TypeScriptParserMixin.parseMaybeConditional (C:\Users\altun\OneDrive\Masaüstü\sipariskutusu\sipariskutusu\node_modules\@babel\parser\lib\index.js:10881:23)
    at TypeScriptParserMixin.parseMaybeAssign (C:\Users\altun\OneDrive\Masaüstü\sipariskutusu\sipariskutusu\node_modules\@babel\parser\lib\index.js:10831:21)
    at TypeScriptParserMixin.parseMaybeAssign (C:\Users\altun\OneDrive\Masaüstü\sipariskutusu\sipariskutusu\node_modules\@babel\parser\lib\index.js:9786:20)
    at C:\Users\altun\OneDrive\Masaüstü\sipariskutusu\sipariskutusu\node_modules\@babel\parser\lib\index.js:10800:39
    at TypeScriptParserMixin.allowInAnd (C:\Users\altun\OneDrive\Masaüstü\sipariskutusu\sipariskutusu\node_modules\@babel\parser\lib\index.js:12426:12)
    at TypeScriptParserMixin.parseMaybeAssignAllowIn (C:\Users\altun\OneDrive\Masaüstü\sipariskutusu\sipariskutusu\node_modules\@babel\parser\lib\index.js:10800:17)
    at TypeScriptParserMixin.parseConditional (C:\Users\altun\OneDrive\Masaüstü\sipariskutusu\sipariskutusu\node_modules\@babel\parser\lib\index.js:10891:30)
    at TypeScriptParserMixin.parseConditional (C:\Users\altun\OneDrive\Masaüstü\sipariskutusu\sipariskutusu\node_modules\@babel\parser\lib\index.js:9603:18)
    at TypeScriptParserMixin.parseMaybeConditional (C:\Users\altun\OneDrive\Masaüstü\sipariskutusu\sipariskutusu\node_modules\@babel\parser\lib\index.js:10885:17)
    at TypeScriptParserMixin.parseMaybeAssign (C:\Users\altun\OneDrive\Masaüstü\sipariskutusu\sipariskutusu\node_modules\@babel\parser\lib\index.js:10831:21)
    at TypeScriptParserMixin.parseMaybeAssign (C:\Users\altun\OneDrive\Masaüstü\sipariskutusu\sipariskutusu\node_modules\@babel\parser\lib\index.js:9786:20)
    at TypeScriptParserMixin.parseExpressionBase (C:\Users\altun\OneDrive\Masaüstü\sipariskutusu\sipariskutusu\node_modules\@babel\parser\lib\index.js:10784:23)
    at C:\Users\altun\OneDrive\Masaüstü\sipariskutusu\sipariskutusu\node_modules\@babel\parser\lib\index.js:10780:39
    at TypeScriptParserMixin.allowInAnd (C:\Users\altun\OneDrive\Masaüstü\sipariskutusu\sipariskutusu\node_modules\@babel\parser\lib\index.js:12426:12)
    at TypeScriptParserMixin.parseExpression (C:\Users\altun\OneDrive\Masaüstü\sipariskutusu\sipariskutusu\node_modules\@babel\parser\lib\index.js:10780:17)
    at TypeScriptParserMixin.jsxParseExpressionContainer (C:\Users\altun\OneDrive\Masaüstü\sipariskutusu\sipariskutusu\node_modules\@babel\parser\lib\index.js:4632:31)
    at TypeScriptParserMixin.jsxParseElementAt (C:\Users\altun\OneDrive\Masaüstü\sipariskutusu\sipariskutusu\node_modules\@babel\parser\lib\index.js:4711:36)
Web node_modules\expo-router\entry.js ░░░░░░░░░░░░░░░░  0.0% (0/1)
Web Bundled 1258ms node_modules\expo-router\entry.js (1 module)
λ Bundled 1888ms node_modules\expo-router\node\render.js (1 module)
Web platform detected. Using RevenueCat in Browser Mode.
Web Bundled 227ms node_modules\expo-router\entry.js (1 module)
 LOG  [web] Logs will appear in the browser console
Web Bundled 48ms node_modules\expo-notifications\build\index.js (1 module)
Web node_modules\expo-router\entry.js ░░░░░░░░░░░░░░░░  0.0% (0/1)
Web Bundled 941ms node_modules\expo-router\entry.js (1 module)
λ Bundled 1438ms node_modules\expo-router\node\render.js (1 module)
Web platform detected. Using RevenueCat in Browser Mode.
Web Bundled 154ms node_modules\expo-router\entry.js (1 module)
 LOG  [web] Logs will appear in the browser console
Web Bundled 42ms node_modules\expo-notifications\build\index.js (1 module)
 ERROR  SyntaxError: C:\Users\altun\OneDrive\Masaüstü\sipariskutusu\sipariskutusu\src\components\ProductCard.tsx: Unexpected reserved word 'await'. (123:19)

  121 |     setFavoriteLoading(true);
  122 |     try {
> 123 |       const next = await toggle(product.id);
      |                    ^
  124 |       if (next !== !wasF) {
  125 |         setFavorited(next);
  126 |         setLiveFavoriteCount((c) => Math.max(next ? c + 1 : c - 1, 0));
    at constructor (C:\Users\altun\OneDrive\Masaüstü\sipariskutusu\sipariskutusu\node_modules\@babel\parser\lib\index.js:365:19)
    at TypeScriptParserMixin.raise (C:\Users\altun\OneDrive\Masaüstü\sipariskutusu\sipariskutusu\node_modules\@babel\parser\lib\index.js:6599:19)
    at TypeScriptParserMixin.checkReservedWord (C:\Users\altun\OneDrive\Masaüstü\sipariskutusu\sipariskutusu\node_modules\@babel\parser\lib\index.js:12231:12)
    at TypeScriptParserMixin.checkReservedWord (C:\Users\altun\OneDrive\Masaüstü\sipariskutusu\sipariskutusu\node_modules\@babel\parser\lib\index.js:9310:13)
    at TypeScriptParserMixin.parseIdentifierName (C:\Users\altun\OneDrive\Masaüstü\sipariskutusu\sipariskutusu\node_modules\@babel\parser\lib\index.js:12211:12)
    at TypeScriptParserMixin.parseIdentifier (C:\Users\altun\OneDrive\Masaüstü\sipariskutusu\sipariskutusu\node_modules\@babel\parser\lib\index.js:12181:23)
    at TypeScriptParserMixin.parseExprAtom (C:\Users\altun\OneDrive\Masaüstü\sipariskutusu\sipariskutusu\node_modules\@babel\parser\lib\index.js:11416:27)
    at TypeScriptParserMixin.parseExprAtom (C:\Users\altun\OneDrive\Masaüstü\sipariskutusu\sipariskutusu\node_modules\@babel\parser\lib\index.js:4764:20)
    at TypeScriptParserMixin.parseExprSubscripts (C:\Users\altun\OneDrive\Masaüstü\sipariskutusu\sipariskutusu\node_modules\@babel\parser\lib\index.js:11081:23)
    at TypeScriptParserMixin.parseUpdate (C:\Users\altun\OneDrive\Masaüstü\sipariskutusu\sipariskutusu\node_modules\@babel\parser\lib\index.js:11066:21)
    at TypeScriptParserMixin.parseMaybeUnary (C:\Users\altun\OneDrive\Masaüstü\sipariskutusu\sipariskutusu\node_modules\@babel\parser\lib\index.js:11046:23)
    at TypeScriptParserMixin.parseMaybeUnary (C:\Users\altun\OneDrive\Masaüstü\sipariskutusu\sipariskutusu\node_modules\@babel\parser\lib\index.js:9837:18)
    at TypeScriptParserMixin.parseMaybeUnaryOrPrivate (C:\Users\altun\OneDrive\Masaüstü\sipariskutusu\sipariskutusu\node_modules\@babel\parser\lib\index.js:10899:61)
    at TypeScriptParserMixin.parseExprOps (C:\Users\altun\OneDrive\Masaüstü\sipariskutusu\sipariskutusu\node_modules\@babel\parser\lib\index.js:10904:23)
    at TypeScriptParserMixin.parseMaybeConditional (C:\Users\altun\OneDrive\Masaüstü\sipariskutusu\sipariskutusu\node_modules\@babel\parser\lib\index.js:10881:23)
    at TypeScriptParserMixin.parseMaybeAssign (C:\Users\altun\OneDrive\Masaüstü\sipariskutusu\sipariskutusu\node_modules\@babel\parser\lib\index.js:10831:21)
    at TypeScriptParserMixin.parseMaybeAssign (C:\Users\altun\OneDrive\Masaüstü\sipariskutusu\sipariskutusu\node_modules\@babel\parser\lib\index.js:9786:20)
    at C:\Users\altun\OneDrive\Masaüstü\sipariskutusu\sipariskutusu\node_modules\@babel\parser\lib\index.js:10800:39
    at TypeScriptParserMixin.allowInAnd (C:\Users\altun\OneDrive\Masaüstü\sipariskutusu\sipariskutusu\node_modules\@babel\parser\lib\index.js:12421:16)
    at TypeScriptParserMixin.parseMaybeAssignAllowIn (C:\Users\altun\OneDrive\Masaüstü\sipariskutusu\sipariskutusu\node_modules\@babel\parser\lib\index.js:10800:17)
    at TypeScriptParserMixin.parseVar (C:\Users\altun\OneDrive\Masaüstü\sipariskutusu\sipariskutusu\node_modules\@babel\parser\lib\index.js:13384:91)
    at TypeScriptParserMixin.parseVarStatement (C:\Users\altun\OneDrive\Masaüstü\sipariskutusu\sipariskutusu\node_modules\@babel\parser\lib\index.js:13230:10)
    at TypeScriptParserMixin.parseVarStatement (C:\Users\altun\OneDrive\Masaüstü\sipariskutusu\sipariskutusu\node_modules\@babel\parser\lib\index.js:9408:31)
    at TypeScriptParserMixin.parseStatementContent (C:\Users\altun\OneDrive\Masaüstü\sipariskutusu\sipariskutusu\node_modules\@babel\parser\lib\index.js:12851:23)
    at TypeScriptParserMixin.parseStatementContent (C:\Users\altun\OneDrive\Masaüstü\sipariskutusu\sipariskutusu\node_modules\@babel\parser\lib\index.js:9508:18)
    at TypeScriptParserMixin.parseStatementLike (C:\Users\altun\OneDrive\Masaüstü\sipariskutusu\sipariskutusu\node_modules\@babel\parser\lib\index.js:12767:17)
    at TypeScriptParserMixin.parseStatementListItem (C:\Users\altun\OneDrive\Masaüstü\sipariskutusu\sipariskutusu\node_modules\@babel\parser\lib\index.js:12747:17)
    at TypeScriptParserMixin.parseBlockOrModuleBlockBody (C:\Users\altun\OneDrive\Masaüstü\sipariskutusu\sipariskutusu\node_modules\@babel\parser\lib\index.js:13316:61)
    at TypeScriptParserMixin.parseBlockBody (C:\Users\altun\OneDrive\Masaüstü\sipariskutusu\sipariskutusu\node_modules\@babel\parser\lib\index.js:13309:10)
    at TypeScriptParserMixin.parseBlock (C:\Users\altun\OneDrive\Masaüstü\sipariskutusu\sipariskutusu\node_modules\@babel\parser\lib\index.js:13297:10)
    at TypeScriptParserMixin.parseTryStatement (C:\Users\altun\OneDrive\Masaüstü\sipariskutusu\sipariskutusu\node_modules\@babel\parser\lib\index.js:13205:23)
    at TypeScriptParserMixin.parseStatementContent (C:\Users\altun\OneDrive\Masaüstü\sipariskutusu\sipariskutusu\node_modules\@babel\parser\lib\index.js:12804:21)
    at TypeScriptParserMixin.parseStatementContent (C:\Users\altun\OneDrive\Masaüstü\sipariskutusu\sipariskutusu\node_modules\@babel\parser\lib\index.js:9508:18)
    at TypeScriptParserMixin.parseStatementLike (C:\Users\altun\OneDrive\Masaüstü\sipariskutusu\sipariskutusu\node_modules\@babel\parser\lib\index.js:12767:17)
    at TypeScriptParserMixin.parseStatementListItem (C:\Users\altun\OneDrive\Masaüstü\sipariskutusu\sipariskutusu\node_modules\@babel\parser\lib\index.js:12747:17)
    at TypeScriptParserMixin.parseBlockOrModuleBlockBody (C:\Users\altun\OneDrive\Masaüstü\sipariskutusu\sipariskutusu\node_modules\@babel\parser\lib\index.js:13316:61)
    at TypeScriptParserMixin.parseBlockBody (C:\Users\altun\OneDrive\Masaüstü\sipariskutusu\sipariskutusu\node_modules\@babel\parser\lib\index.js:13309:10)
    at TypeScriptParserMixin.parseBlock (C:\Users\altun\OneDrive\Masaüstü\sipariskutusu\sipariskutusu\node_modules\@babel\parser\lib\index.js:13297:10)
    at TypeScriptParserMixin.parseFunctionBody (C:\Users\altun\OneDrive\Masaüstü\sipariskutusu\sipariskutusu\node_modules\@babel\parser\lib\index.js:12100:24)
    at TypeScriptParserMixin.parseFunctionBodyAndFinish (C:\Users\altun\OneDrive\Masaüstü\sipariskutusu\sipariskutusu\node_modules\@babel\parser\lib\index.js:12086:10)
    at TypeScriptParserMixin.parseFunctionBodyAndFinish (C:\Users\altun\OneDrive\Masaüstü\sipariskutusu\sipariskutusu\node_modules\@babel\parser\lib\index.js:9172:18)
    at C:\Users\altun\OneDrive\Masaüstü\sipariskutusu\sipariskutusu\node_modules\@babel\parser\lib\index.js:13445:12
    at TypeScriptParserMixin.withSmartMixTopicForbiddingContext (C:\Users\altun\OneDrive\Masaüstü\sipariskutusu\sipariskutusu\node_modules\@babel\parser\lib\index.js:12403:14)
    at TypeScriptParserMixin.parseFunction (C:\Users\altun\OneDrive\Masaüstü\sipariskutusu\sipariskutusu\node_modules\@babel\parser\lib\index.js:13444:10)
    at TypeScriptParserMixin.parseFunctionStatement (C:\Users\altun\OneDrive\Masaüstü\sipariskutusu\sipariskutusu\node_modules\@babel\parser\lib\index.js:13125:17)
    at TypeScriptParserMixin.parseStatementContent (C:\Users\altun\OneDrive\Masaüstü\sipariskutusu\sipariskutusu\node_modules\@babel\parser\lib\index.js:12791:21)
    at TypeScriptParserMixin.parseStatementContent (C:\Users\altun\OneDrive\Masaüstü\sipariskutusu\sipariskutusu\node_modules\@babel\parser\lib\index.js:9508:18)
    at TypeScriptParserMixin.parseStatementLike (C:\Users\altun\OneDrive\Masaüstü\sipariskutusu\sipariskutusu\node_modules\@babel\parser\lib\index.js:12767:17)
    at TypeScriptParserMixin.parseModuleItem (C:\Users\altun\OneDrive\Masaüstü\sipariskutusu\sipariskutusu\node_modules\@babel\parser\lib\index.js:12744:17)
    at TypeScriptParserMixin.parseBlockOrModuleBlockBody (C:\Users\altun\OneDrive\Masaüstü\sipariskutusu\sipariskutusu\node_modules\@babel\parser\lib\index.js:13316:36)
 ERROR  SyntaxError: C:\Users\altun\OneDrive\Masaüstü\sipariskutusu\sipariskutusu\src\components\ProductCard.tsx: Unexpected token (111:3)

  109 |     checkFavorited(product.id).then((next) => { if (alive) setFavorited(next); });
  110 |     return () => { alive = false; };
> 111 |   }, [canUseLiveListing, checkFavorited, product.id, user?.id]);
      |    ^
  112 |
  113 |   const handleFavoritePress = async () => {
  114 |       Alert.alert('Favoriler aktif değil', 'Bu işlem canlı ilanlarda giriş yapmış kullanıcılarla çalışır.');
    at constructor (C:\Users\altun\OneDrive\Masaüstü\sipariskutusu\sipariskutusu\node_modules\@babel\parser\lib\index.js:365:19)
    at TypeScriptParserMixin.raise (C:\Users\altun\OneDrive\Masaüstü\sipariskutusu\sipariskutusu\node_modules\@babel\parser\lib\index.js:6599:19)
    at TypeScriptParserMixin.unexpected (C:\Users\altun\OneDrive\Masaüstü\sipariskutusu\sipariskutusu\node_modules\@babel\parser\lib\index.js:6619:16)
    at TypeScriptParserMixin.parseExprAtom (C:\Users\altun\OneDrive\Masaüstü\sipariskutusu\sipariskutusu\node_modules\@babel\parser\lib\index.js:11442:22)
    at TypeScriptParserMixin.parseExprAtom (C:\Users\altun\OneDrive\Masaüstü\sipariskutusu\sipariskutusu\node_modules\@babel\parser\lib\index.js:4764:20)
    at TypeScriptParserMixin.parseExprSubscripts (C:\Users\altun\OneDrive\Masaüstü\sipariskutusu\sipariskutusu\node_modules\@babel\parser\lib\index.js:11081:23)
    at TypeScriptParserMixin.parseUpdate (C:\Users\altun\OneDrive\Masaüstü\sipariskutusu\sipariskutusu\node_modules\@babel\parser\lib\index.js:11066:21)
    at TypeScriptParserMixin.parseMaybeUnary (C:\Users\altun\OneDrive\Masaüstü\sipariskutusu\sipariskutusu\node_modules\@babel\parser\lib\index.js:11046:23)
    at TypeScriptParserMixin.parseMaybeUnary (C:\Users\altun\OneDrive\Masaüstü\sipariskutusu\sipariskutusu\node_modules\@babel\parser\lib\index.js:9837:18)
    at TypeScriptParserMixin.parseMaybeUnaryOrPrivate (C:\Users\altun\OneDrive\Masaüstü\sipariskutusu\sipariskutusu\node_modules\@babel\parser\lib\index.js:10899:61)
    at TypeScriptParserMixin.parseExprOps (C:\Users\altun\OneDrive\Masaüstü\sipariskutusu\sipariskutusu\node_modules\@babel\parser\lib\index.js:10904:23)
    at TypeScriptParserMixin.parseMaybeConditional (C:\Users\altun\OneDrive\Masaüstü\sipariskutusu\sipariskutusu\node_modules\@babel\parser\lib\index.js:10881:23)
    at TypeScriptParserMixin.parseMaybeAssign (C:\Users\altun\OneDrive\Masaüstü\sipariskutusu\sipariskutusu\node_modules\@babel\parser\lib\index.js:10831:21)
    at TypeScriptParserMixin.parseMaybeAssign (C:\Users\altun\OneDrive\Masaüstü\sipariskutusu\sipariskutusu\node_modules\@babel\parser\lib\index.js:9786:20)
    at TypeScriptParserMixin.parseExpressionBase (C:\Users\altun\OneDrive\Masaüstü\sipariskutusu\sipariskutusu\node_modules\@babel\parser\lib\index.js:10784:23)
    at C:\Users\altun\OneDrive\Masaüstü\sipariskutusu\sipariskutusu\node_modules\@babel\parser\lib\index.js:10780:39
    at TypeScriptParserMixin.allowInAnd (C:\Users\altun\OneDrive\Masaüstü\sipariskutusu\sipariskutusu\node_modules\@babel\parser\lib\index.js:12421:16)
    at TypeScriptParserMixin.parseExpression (C:\Users\altun\OneDrive\Masaüstü\sipariskutusu\sipariskutusu\node_modules\@babel\parser\lib\index.js:10780:17)
    at TypeScriptParserMixin.parseStatementContent (C:\Users\altun\OneDrive\Masaüstü\sipariskutusu\sipariskutusu\node_modules\@babel\parser\lib\index.js:12895:23)
    at TypeScriptParserMixin.parseStatementContent (C:\Users\altun\OneDrive\Masaüstü\sipariskutusu\sipariskutusu\node_modules\@babel\parser\lib\index.js:9508:18)
    at TypeScriptParserMixin.parseStatementLike (C:\Users\altun\OneDrive\Masaüstü\sipariskutusu\sipariskutusu\node_modules\@babel\parser\lib\index.js:12767:17)
    at TypeScriptParserMixin.parseStatementListItem (C:\Users\altun\OneDrive\Masaüstü\sipariskutusu\sipariskutusu\node_modules\@babel\parser\lib\index.js:12747:17)
    at TypeScriptParserMixin.parseBlockOrModuleBlockBody (C:\Users\altun\OneDrive\Masaüstü\sipariskutusu\sipariskutusu\node_modules\@babel\parser\lib\index.js:13316:61)
    at TypeScriptParserMixin.parseBlockBody (C:\Users\altun\OneDrive\Masaüstü\sipariskutusu\sipariskutusu\node_modules\@babel\parser\lib\index.js:13309:10)
    at TypeScriptParserMixin.parseBlock (C:\Users\altun\OneDrive\Masaüstü\sipariskutusu\sipariskutusu\node_modules\@babel\parser\lib\index.js:13297:10)
    at TypeScriptParserMixin.parseFunctionBody (C:\Users\altun\OneDrive\Masaüstü\sipariskutusu\sipariskutusu\node_modules\@babel\parser\lib\index.js:12100:24)
    at TypeScriptParserMixin.parseArrowExpression (C:\Users\altun\OneDrive\Masaüstü\sipariskutusu\sipariskutusu\node_modules\@babel\parser\lib\index.js:12075:10)
    at TypeScriptParserMixin.parseParenAndDistinguishExpression (C:\Users\altun\OneDrive\Masaüstü\sipariskutusu\sipariskutusu\node_modules\@babel\parser\lib\index.js:11687:12)
    at TypeScriptParserMixin.parseExprAtom (C:\Users\altun\OneDrive\Masaüstü\sipariskutusu\sipariskutusu\node_modules\@babel\parser\lib\index.js:11331:23)
    at TypeScriptParserMixin.parseExprAtom (C:\Users\altun\OneDrive\Masaüstü\sipariskutusu\sipariskutusu\node_modules\@babel\parser\lib\index.js:4764:20)
    at TypeScriptParserMixin.parseExprSubscripts (C:\Users\altun\OneDrive\Masaüstü\sipariskutusu\sipariskutusu\node_modules\@babel\parser\lib\index.js:11081:23)
    at TypeScriptParserMixin.parseUpdate (C:\Users\altun\OneDrive\Masaüstü\sipariskutusu\sipariskutusu\node_modules\@babel\parser\lib\index.js:11066:21)
    at TypeScriptParserMixin.parseMaybeUnary (C:\Users\altun\OneDrive\Masaüstü\sipariskutusu\sipariskutusu\node_modules\@babel\parser\lib\index.js:11046:23)
    at TypeScriptParserMixin.parseMaybeUnary (C:\Users\altun\OneDrive\Masaüstü\sipariskutusu\sipariskutusu\node_modules\@babel\parser\lib\index.js:9837:18)
    at TypeScriptParserMixin.parseMaybeUnaryOrPrivate (C:\Users\altun\OneDrive\Masaüstü\sipariskutusu\sipariskutusu\node_modules\@babel\parser\lib\index.js:10899:61)
    at TypeScriptParserMixin.parseExprOps (C:\Users\altun\OneDrive\Masaüstü\sipariskutusu\sipariskutusu\node_modules\@babel\parser\lib\index.js:10904:23)
    at TypeScriptParserMixin.parseMaybeConditional (C:\Users\altun\OneDrive\Masaüstü\sipariskutusu\sipariskutusu\node_modules\@babel\parser\lib\index.js:10881:23)
    at TypeScriptParserMixin.parseMaybeAssign (C:\Users\altun\OneDrive\Masaüstü\sipariskutusu\sipariskutusu\node_modules\@babel\parser\lib\index.js:10831:21)
    at TypeScriptParserMixin.parseMaybeAssign (C:\Users\altun\OneDrive\Masaüstü\sipariskutusu\sipariskutusu\node_modules\@babel\parser\lib\index.js:9786:20)
    at C:\Users\altun\OneDrive\Masaüstü\sipariskutusu\sipariskutusu\node_modules\@babel\parser\lib\index.js:10800:39
    at TypeScriptParserMixin.allowInAnd (C:\Users\altun\OneDrive\Masaüstü\sipariskutusu\sipariskutusu\node_modules\@babel\parser\lib\index.js:12426:12)
    at TypeScriptParserMixin.parseMaybeAssignAllowIn (C:\Users\altun\OneDrive\Masaüstü\sipariskutusu\sipariskutusu\node_modules\@babel\parser\lib\index.js:10800:17)
    at TypeScriptParserMixin.parseMaybeAssignAllowInOrVoidPattern (C:\Users\altun\OneDrive\Masaüstü\sipariskutusu\sipariskutusu\node_modules\@babel\parser\lib\index.js:12493:17)
    at TypeScriptParserMixin.parseExprListItem (C:\Users\altun\OneDrive\Masaüstü\sipariskutusu\sipariskutusu\node_modules\@babel\parser\lib\index.js:12175:18)
    at TypeScriptParserMixin.parseCallExpressionArguments (C:\Users\altun\OneDrive\Masaüstü\sipariskutusu\sipariskutusu\node_modules\@babel\parser\lib\index.js:11252:22)
    at TypeScriptParserMixin.parseCoverCallAndAsyncArrowHead (C:\Users\altun\OneDrive\Masaüstü\sipariskutusu\sipariskutusu\node_modules\@babel\parser\lib\index.js:11186:29)
    at TypeScriptParserMixin.parseSubscript (C:\Users\altun\OneDrive\Masaüstü\sipariskutusu\sipariskutusu\node_modules\@babel\parser\lib\index.js:11120:19)
    at TypeScriptParserMixin.parseSubscript (C:\Users\altun\OneDrive\Masaüstü\sipariskutusu\sipariskutusu\node_modules\@babel\parser\lib\index.js:9272:18)
    at TypeScriptParserMixin.parseSubscripts (C:\Users\altun\OneDrive\Masaüstü\sipariskutusu\sipariskutusu\node_modules\@babel\parser\lib\index.js:11094:19)
    at TypeScriptParserMixin.parseExprSubscripts (C:\Users\altun\OneDrive\Masaüstü\sipariskutusu\sipariskutusu\node_modules\@babel\parser\lib\index.js:11085:17)
 ERROR  SyntaxError: C:\Users\altun\OneDrive\Masaüstü\sipariskutusu\sipariskutusu\src\components\ProductCard.tsx: Unexpected character '¼'. (29:6)

  27 |   Hikayede:          { bg: '#EEF2FF', text: '#4338CA', border: '#C7D2FE', icon: 'ğŸ“¸', label: 'Hikayede' },
  28 |   'Ã‡ok Satan':       { bg: '#ECFDF5', text: '#065F46', border: '#A7F3D0', icon: 'ğŸ”¥', label: 'Ã‡ok Satan' },
> 29 |   PopÃ¼ler:           { bg: '#FFF7ED', text: '#C2410C', border: '#FED7AA', icon: 'ğŸ”¥', label: 'PopÃ¼ler' },
     |       ^
  30 |   'PopÃ¼ler Ä°lan':    { bg: '#FFF7ED', text: '#C2410C', border: '#FED7AA', icon: 'ğŸ”¥', label: 'PopÃ¼ler Ä°lan' },
  31 |   'En Ã‡ok Ä°ncelenen':{ bg: '#F0FDF4', text: '#166534', border: '#BBF7D0', icon: 'ğŸ‘', label: 'Ã‡ok Ä°ncelenen' },
  32 |   Vitrinde:          { bg: '#DBEAFE', text: '#1E40AF', border: '#BFDBFE', icon: 'âœ¨', label: 'Vitrinde' },
    at constructor (C:\Users\altun\OneDrive\Masaüstü\sipariskutusu\sipariskutusu\node_modules\@babel\parser\lib\index.js:365:19)
    at TypeScriptParserMixin.raise (C:\Users\altun\OneDrive\Masaüstü\sipariskutusu\sipariskutusu\node_modules\@babel\parser\lib\index.js:6599:19)
    at TypeScriptParserMixin.getTokenFromCode (C:\Users\altun\OneDrive\Masaüstü\sipariskutusu\sipariskutusu\node_modules\@babel\parser\lib\index.js:6306:16)
    at TypeScriptParserMixin.getTokenFromCode (C:\Users\altun\OneDrive\Masaüstü\sipariskutusu\sipariskutusu\node_modules\@babel\parser\lib\index.js:4797:11)
    at TypeScriptParserMixin.getTokenFromCode (C:\Users\altun\OneDrive\Masaüstü\sipariskutusu\sipariskutusu\node_modules\@babel\parser\lib\index.js:9987:11)
    at TypeScriptParserMixin.nextToken (C:\Users\altun\OneDrive\Masaüstü\sipariskutusu\sipariskutusu\node_modules\@babel\parser\lib\index.js:5782:10)
    at TypeScriptParserMixin.next (C:\Users\altun\OneDrive\Masaüstü\sipariskutusu\sipariskutusu\node_modules\@babel\parser\lib\index.js:5692:10)
    at TypeScriptParserMixin.parseIdentifierName (C:\Users\altun\OneDrive\Masaüstü\sipariskutusu\sipariskutusu\node_modules\@babel\parser\lib\index.js:12213:10)
    at TypeScriptParserMixin.parseIdentifier (C:\Users\altun\OneDrive\Masaüstü\sipariskutusu\sipariskutusu\node_modules\@babel\parser\lib\index.js:12181:23)
    at TypeScriptParserMixin.parsePropertyName (C:\Users\altun\OneDrive\Masaüstü\sipariskutusu\sipariskutusu\node_modules\@babel\parser\lib\index.js:11994:20)
    at TypeScriptParserMixin.parsePropertyDefinition (C:\Users\altun\OneDrive\Masaüstü\sipariskutusu\sipariskutusu\node_modules\@babel\parser\lib\index.js:11889:10)
    at TypeScriptParserMixin.parseObjectLike (C:\Users\altun\OneDrive\Masaüstü\sipariskutusu\sipariskutusu\node_modules\@babel\parser\lib\index.js:11832:21)
    at TypeScriptParserMixin.parseExprAtom (C:\Users\altun\OneDrive\Masaüstü\sipariskutusu\sipariskutusu\node_modules\@babel\parser\lib\index.js:11339:23)
    at TypeScriptParserMixin.parseExprAtom (C:\Users\altun\OneDrive\Masaüstü\sipariskutusu\sipariskutusu\node_modules\@babel\parser\lib\index.js:4764:20)
    at TypeScriptParserMixin.parseExprSubscripts (C:\Users\altun\OneDrive\Masaüstü\sipariskutusu\sipariskutusu\node_modules\@babel\parser\lib\index.js:11081:23)
    at TypeScriptParserMixin.parseUpdate (C:\Users\altun\OneDrive\Masaüstü\sipariskutusu\sipariskutusu\node_modules\@babel\parser\lib\index.js:11066:21)
    at TypeScriptParserMixin.parseMaybeUnary (C:\Users\altun\OneDrive\Masaüstü\sipariskutusu\sipariskutusu\node_modules\@babel\parser\lib\index.js:11046:23)
    at TypeScriptParserMixin.parseMaybeUnary (C:\Users\altun\OneDrive\Masaüstü\sipariskutusu\sipariskutusu\node_modules\@babel\parser\lib\index.js:9837:18)
    at TypeScriptParserMixin.parseMaybeUnaryOrPrivate (C:\Users\altun\OneDrive\Masaüstü\sipariskutusu\sipariskutusu\node_modules\@babel\parser\lib\index.js:10899:61)
    at TypeScriptParserMixin.parseExprOps (C:\Users\altun\OneDrive\Masaüstü\sipariskutusu\sipariskutusu\node_modules\@babel\parser\lib\index.js:10904:23)
    at TypeScriptParserMixin.parseMaybeConditional (C:\Users\altun\OneDrive\Masaüstü\sipariskutusu\sipariskutusu\node_modules\@babel\parser\lib\index.js:10881:23)
    at TypeScriptParserMixin.parseMaybeAssign (C:\Users\altun\OneDrive\Masaüstü\sipariskutusu\sipariskutusu\node_modules\@babel\parser\lib\index.js:10831:21)
    at TypeScriptParserMixin.parseMaybeAssign (C:\Users\altun\OneDrive\Masaüstü\sipariskutusu\sipariskutusu\node_modules\@babel\parser\lib\index.js:9786:20)
    at C:\Users\altun\OneDrive\Masaüstü\sipariskutusu\sipariskutusu\node_modules\@babel\parser\lib\index.js:10800:39
    at TypeScriptParserMixin.allowInAnd (C:\Users\altun\OneDrive\Masaüstü\sipariskutusu\sipariskutusu\node_modules\@babel\parser\lib\index.js:12421:16)
    at TypeScriptParserMixin.parseMaybeAssignAllowIn (C:\Users\altun\OneDrive\Masaüstü\sipariskutusu\sipariskutusu\node_modules\@babel\parser\lib\index.js:10800:17)
    at TypeScriptParserMixin.parseVar (C:\Users\altun\OneDrive\Masaüstü\sipariskutusu\sipariskutusu\node_modules\@babel\parser\lib\index.js:13384:91)
    at TypeScriptParserMixin.parseVarStatement (C:\Users\altun\OneDrive\Masaüstü\sipariskutusu\sipariskutusu\node_modules\@babel\parser\lib\index.js:13230:10)
    at TypeScriptParserMixin.parseVarStatement (C:\Users\altun\OneDrive\Masaüstü\sipariskutusu\sipariskutusu\node_modules\@babel\parser\lib\index.js:9408:31)
    at TypeScriptParserMixin.parseStatementContent (C:\Users\altun\OneDrive\Masaüstü\sipariskutusu\sipariskutusu\node_modules\@babel\parser\lib\index.js:12851:23)
    at TypeScriptParserMixin.parseStatementContent (C:\Users\altun\OneDrive\Masaüstü\sipariskutusu\sipariskutusu\node_modules\@babel\parser\lib\index.js:9508:18)
    at TypeScriptParserMixin.parseStatementLike (C:\Users\altun\OneDrive\Masaüstü\sipariskutusu\sipariskutusu\node_modules\@babel\parser\lib\index.js:12767:17)
    at TypeScriptParserMixin.parseModuleItem (C:\Users\altun\OneDrive\Masaüstü\sipariskutusu\sipariskutusu\node_modules\@babel\parser\lib\index.js:12744:17)
    at TypeScriptParserMixin.parseBlockOrModuleBlockBody (C:\Users\altun\OneDrive\Masaüstü\sipariskutusu\sipariskutusu\node_modules\@babel\parser\lib\index.js:13316:36)
    at TypeScriptParserMixin.parseBlockBody (C:\Users\altun\OneDrive\Masaüstü\sipariskutusu\sipariskutusu\node_modules\@babel\parser\lib\index.js:13309:10)
    at TypeScriptParserMixin.parseProgram (C:\Users\altun\OneDrive\Masaüstü\sipariskutusu\sipariskutusu\node_modules\@babel\parser\lib\index.js:12622:10)
    at TypeScriptParserMixin.parseTopLevel (C:\Users\altun\OneDrive\Masaüstü\sipariskutusu\sipariskutusu\node_modules\@babel\parser\lib\index.js:12612:25)
    at TypeScriptParserMixin.parse (C:\Users\altun\OneDrive\Masaüstü\sipariskutusu\sipariskutusu\node_modules\@babel\parser\lib\index.js:14488:25)
    at TypeScriptParserMixin.parse (C:\Users\altun\OneDrive\Masaüstü\sipariskutusu\sipariskutusu\node_modules\@babel\parser\lib\index.js:10126:18)
    at parse (C:\Users\altun\OneDrive\Masaüstü\sipariskutusu\sipariskutusu\node_modules\@babel\parser\lib\index.js:14501:26)
    at parser (C:\Users\altun\OneDrive\Masaüstü\sipariskutusu\sipariskutusu\node_modules\@babel\core\lib\parser\index.js:41:34)
    at parser.next (<anonymous>)
    at normalizeFile (C:\Users\altun\OneDrive\Masaüstü\sipariskutusu\sipariskutusu\node_modules\@babel\core\lib\transformation\normalize-file.js:64:37)
    at normalizeFile.next (<anonymous>)
    at run (C:\Users\altun\OneDrive\Masaüstü\sipariskutusu\sipariskutusu\node_modules\@babel\core\lib\transformation\index.js:22:50)
    at run.next (<anonymous>)
    at transform (C:\Users\altun\OneDrive\Masaüstü\sipariskutusu\sipariskutusu\node_modules\@babel\core\lib\transform.js:22:33)
    at transform.next (<anonymous>)
    at evaluateSync (C:\Users\altun\OneDrive\Masaüstü\sipariskutusu\sipariskutusu\node_modules\gensync\index.js:251:28)
    at sync (C:\Users\altun\OneDrive\Masaüstü\sipariskutusu\sipariskutusu\node_modules\gensync\index.js:89:14)
 ERROR  SyntaxError: C:\Users\altun\OneDrive\Masaüstü\sipariskutusu\sipariskutusu\src\components\ProductCard.tsx: Unexpected character '¼'. (29:6)

  27 |   Hikayede:          { bg: '#EEF2FF', text: '#4338CA', border: '#C7D2FE', icon: 'ğŸ“¸', label: 'Hikayede' },
  28 |   'Ã‡ok Satan':       { bg: '#ECFDF5', text: '#065F46', border: '#A7F3D0', icon: 'ğŸ”¥', label: 'Ã‡ok Satan' },
> 29 |   PopÃ¼ler:           { bg: '#FFF7ED', text: '#C2410C', border: '#FED7AA', icon: 'ğŸ”¥', label: 'PopÃ¼ler' },
     |       ^
  30 |   'PopÃ¼ler Ä°lan':    { bg: '#FFF7ED', text: '#C2410C', border: '#FED7AA', icon: 'ğŸ”¥', label: 'PopÃ¼ler Ä°lan' },
  31 |   'En Ã‡ok Ä°ncelenen':{ bg: '#F0FDF4', text: '#166534', border: '#BBF7D0', icon: 'ğŸ‘', label: 'Ã‡ok Ä°ncelenen' },
  32 |   Vitrinde:          { bg: '#DBEAFE', text: '#1E40AF', border: '#BFDBFE', icon: 'âœ¨', label: 'Vitrinde' },
    at constructor (C:\Users\altun\OneDrive\Masaüstü\sipariskutusu\sipariskutusu\node_modules\@babel\parser\lib\index.js:365:19)
    at TypeScriptParserMixin.raise (C:\Users\altun\OneDrive\Masaüstü\sipariskutusu\sipariskutusu\node_modules\@babel\parser\lib\index.js:6599:19)
    at TypeScriptParserMixin.getTokenFromCode (C:\Users\altun\OneDrive\Masaüstü\sipariskutusu\sipariskutusu\node_modules\@babel\parser\lib\index.js:6306:16)
    at TypeScriptParserMixin.getTokenFromCode (C:\Users\altun\OneDrive\Masaüstü\sipariskutusu\sipariskutusu\node_modules\@babel\parser\lib\index.js:4797:11)
    at TypeScriptParserMixin.getTokenFromCode (C:\Users\altun\OneDrive\Masaüstü\sipariskutusu\sipariskutusu\node_modules\@babel\parser\lib\index.js:9987:11)
    at TypeScriptParserMixin.nextToken (C:\Users\altun\OneDrive\Masaüstü\sipariskutusu\sipariskutusu\node_modules\@babel\parser\lib\index.js:5782:10)
    at TypeScriptParserMixin.next (C:\Users\altun\OneDrive\Masaüstü\sipariskutusu\sipariskutusu\node_modules\@babel\parser\lib\index.js:5692:10)
    at TypeScriptParserMixin.parseIdentifierName (C:\Users\altun\OneDrive\Masaüstü\sipariskutusu\sipariskutusu\node_modules\@babel\parser\lib\index.js:12213:10)
    at TypeScriptParserMixin.parseIdentifier (C:\Users\altun\OneDrive\Masaüstü\sipariskutusu\sipariskutusu\node_modules\@babel\parser\lib\index.js:12181:23)
    at TypeScriptParserMixin.parsePropertyName (C:\Users\altun\OneDrive\Masaüstü\sipariskutusu\sipariskutusu\node_modules\@babel\parser\lib\index.js:11994:20)
    at TypeScriptParserMixin.parsePropertyDefinition (C:\Users\altun\OneDrive\Masaüstü\sipariskutusu\sipariskutusu\node_modules\@babel\parser\lib\index.js:11889:10)
    at TypeScriptParserMixin.parseObjectLike (C:\Users\altun\OneDrive\Masaüstü\sipariskutusu\sipariskutusu\node_modules\@babel\parser\lib\index.js:11832:21)
    at TypeScriptParserMixin.parseExprAtom (C:\Users\altun\OneDrive\Masaüstü\sipariskutusu\sipariskutusu\node_modules\@babel\parser\lib\index.js:11339:23)
    at TypeScriptParserMixin.parseExprAtom (C:\Users\altun\OneDrive\Masaüstü\sipariskutusu\sipariskutusu\node_modules\@babel\parser\lib\index.js:4764:20)
    at TypeScriptParserMixin.parseExprSubscripts (C:\Users\altun\OneDrive\Masaüstü\sipariskutusu\sipariskutusu\node_modules\@babel\parser\lib\index.js:11081:23)
    at TypeScriptParserMixin.parseUpdate (C:\Users\altun\OneDrive\Masaüstü\sipariskutusu\sipariskutusu\node_modules\@babel\parser\lib\index.js:11066:21)
    at TypeScriptParserMixin.parseMaybeUnary (C:\Users\altun\OneDrive\Masaüstü\sipariskutusu\sipariskutusu\node_modules\@babel\parser\lib\index.js:11046:23)
    at TypeScriptParserMixin.parseMaybeUnary (C:\Users\altun\OneDrive\Masaüstü\sipariskutusu\sipariskutusu\node_modules\@babel\parser\lib\index.js:9837:18)
    at TypeScriptParserMixin.parseMaybeUnaryOrPrivate (C:\Users\altun\OneDrive\Masaüstü\sipariskutusu\sipariskutusu\node_modules\@babel\parser\lib\index.js:10899:61)
    at TypeScriptParserMixin.parseExprOps (C:\Users\altun\OneDrive\Masaüstü\sipariskutusu\sipariskutusu\node_modules\@babel\parser\lib\index.js:10904:23)
    at TypeScriptParserMixin.parseMaybeConditional (C:\Users\altun\OneDrive\Masaüstü\sipariskutusu\sipariskutusu\node_modules\@babel\parser\lib\index.js:10881:23)
    at TypeScriptParserMixin.parseMaybeAssign (C:\Users\altun\OneDrive\Masaüstü\sipariskutusu\sipariskutusu\node_modules\@babel\parser\lib\index.js:10831:21)
    at TypeScriptParserMixin.parseMaybeAssign (C:\Users\altun\OneDrive\Masaüstü\sipariskutusu\sipariskutusu\node_modules\@babel\parser\lib\index.js:9786:20)
    at C:\Users\altun\OneDrive\Masaüstü\sipariskutusu\sipariskutusu\node_modules\@babel\parser\lib\index.js:10800:39
    at TypeScriptParserMixin.allowInAnd (C:\Users\altun\OneDrive\Masaüstü\sipariskutusu\sipariskutusu\node_modules\@babel\parser\lib\index.js:12421:16)
    at TypeScriptParserMixin.parseMaybeAssignAllowIn (C:\Users\altun\OneDrive\Masaüstü\sipariskutusu\sipariskutusu\node_modules\@babel\parser\lib\index.js:10800:17)
    at TypeScriptParserMixin.parseVar (C:\Users\altun\OneDrive\Masaüstü\sipariskutusu\sipariskutusu\node_modules\@babel\parser\lib\index.js:13384:91)
    at TypeScriptParserMixin.parseVarStatement (C:\Users\altun\OneDrive\Masaüstü\sipariskutusu\sipariskutusu\node_modules\@babel\parser\lib\index.js:13230:10)
    at TypeScriptParserMixin.parseVarStatement (C:\Users\altun\OneDrive\Masaüstü\sipariskutusu\sipariskutusu\node_modules\@babel\parser\lib\index.js:9408:31)
    at TypeScriptParserMixin.parseStatementContent (C:\Users\altun\OneDrive\Masaüstü\sipariskutusu\sipariskutusu\node_modules\@babel\parser\lib\index.js:12851:23)
    at TypeScriptParserMixin.parseStatementContent (C:\Users\altun\OneDrive\Masaüstü\sipariskutusu\sipariskutusu\node_modules\@babel\parser\lib\index.js:9508:18)
    at TypeScriptParserMixin.parseStatementLike (C:\Users\altun\OneDrive\Masaüstü\sipariskutusu\sipariskutusu\node_modules\@babel\parser\lib\index.js:12767:17)
    at TypeScriptParserMixin.parseModuleItem (C:\Users\altun\OneDrive\Masaüstü\sipariskutusu\sipariskutusu\node_modules\@babel\parser\lib\index.js:12744:17)
    at TypeScriptParserMixin.parseBlockOrModuleBlockBody (C:\Users\altun\OneDrive\Masaüstü\sipariskutusu\sipariskutusu\node_modules\@babel\parser\lib\index.js:13316:36)
    at TypeScriptParserMixin.parseBlockBody (C:\Users\altun\OneDrive\Masaüstü\sipariskutusu\sipariskutusu\node_modules\@babel\parser\lib\index.js:13309:10)
    at TypeScriptParserMixin.parseProgram (C:\Users\altun\OneDrive\Masaüstü\sipariskutusu\sipariskutusu\node_modules\@babel\parser\lib\index.js:12622:10)
    at TypeScriptParserMixin.parseTopLevel (C:\Users\altun\OneDrive\Masaüstü\sipariskutusu\sipariskutusu\node_modules\@babel\parser\lib\index.js:12612:25)
    at TypeScriptParserMixin.parse (C:\Users\altun\OneDrive\Masaüstü\sipariskutusu\sipariskutusu\node_modules\@babel\parser\lib\index.js:14488:25)
    at TypeScriptParserMixin.parse (C:\Users\altun\OneDrive\Masaüstü\sipariskutusu\sipariskutusu\node_modules\@babel\parser\lib\index.js:10126:18)
    at parse (C:\Users\altun\OneDrive\Masaüstü\sipariskutusu\sipariskutusu\node_modules\@babel\parser\lib\index.js:14501:26)
    at parser (C:\Users\altun\OneDrive\Masaüstü\sipariskutusu\sipariskutusu\node_modules\@babel\core\lib\parser\index.js:41:34)
    at parser.next (<anonymous>)
    at normalizeFile (C:\Users\altun\OneDrive\Masaüstü\sipariskutusu\sipariskutusu\node_modules\@babel\core\lib\transformation\normalize-file.js:64:37)
    at normalizeFile.next (<anonymous>)
    at run (C:\Users\altun\OneDrive\Masaüstü\sipariskutusu\sipariskutusu\node_modules\@babel\core\lib\transformation\index.js:22:50)
    at run.next (<anonymous>)
    at transform (C:\Users\altun\OneDrive\Masaüstü\sipariskutusu\sipariskutusu\node_modules\@babel\core\lib\transform.js:22:33)
    at transform.next (<anonymous>)
    at evaluateSync (C:\Users\altun\OneDrive\Masaüstü\sipariskutusu\sipariskutusu\node_modules\gensync\index.js:251:28)
    at sync (C:\Users\altun\OneDrive\Masaüstü\sipariskutusu\sipariskutusu\node_modules\gensync\index.js:89:14)
 ERROR  SyntaxError: C:\Users\altun\OneDrive\Masaüstü\sipariskutusu\sipariskutusu\src\components\ProductCard.tsx: Unexpected character '¼'. (29:6)

  27 |   Hikayede:          { bg: '#EEF2FF', text: '#4338CA', border: '#C7D2FE', icon: 'ğŸ“¸', label: 'Hikayede' },
  28 |   'Ã‡ok Satan':       { bg: '#ECFDF5', text: '#065F46', border: '#A7F3D0', icon: 'ğŸ”¥', label: 'Ã‡ok Satan' },
> 29 |   PopÃ¼ler:           { bg: '#FFF7ED', text: '#C2410C', border: '#FED7AA', icon: 'ğŸ”¥', label: 'PopÃ¼ler' },
     |       ^
  30 |   'PopÃ¼ler Ä°lan':    { bg: '#FFF7ED', text: '#C2410C', border: '#FED7AA', icon: 'ğŸ”¥', label: 'PopÃ¼ler Ä°lan' },
  31 |   'En Ã‡ok Ä°ncelenen':{ bg: '#F0FDF4', text: '#166534', border: '#BBF7D0', icon: 'ğŸ‘', label: 'Ã‡ok Ä°ncelenen' },
  32 |   Vitrinde:          { bg: '#DBEAFE', text: '#1E40AF', border: '#BFDBFE', icon: 'âœ¨', label: 'Vitrinde' },
    at constructor (C:\Users\altun\OneDrive\Masaüstü\sipariskutusu\sipariskutusu\node_modules\@babel\parser\lib\index.js:365:19)
    at TypeScriptParserMixin.raise (C:\Users\altun\OneDrive\Masaüstü\sipariskutusu\sipariskutusu\node_modules\@babel\parser\lib\index.js:6599:19)
    at TypeScriptParserMixin.getTokenFromCode (C:\Users\altun\OneDrive\Masaüstü\sipariskutusu\sipariskutusu\node_modules\@babel\parser\lib\index.js:6306:16)
    at TypeScriptParserMixin.getTokenFromCode (C:\Users\altun\OneDrive\Masaüstü\sipariskutusu\sipariskutusu\node_modules\@babel\parser\lib\index.js:4797:11)
    at TypeScriptParserMixin.getTokenFromCode (C:\Users\altun\OneDrive\Masaüstü\sipariskutusu\sipariskutusu\node_modules\@babel\parser\lib\index.js:9987:11)
    at TypeScriptParserMixin.nextToken (C:\Users\altun\OneDrive\Masaüstü\sipariskutusu\sipariskutusu\node_modules\@babel\parser\lib\index.js:5782:10)
    at TypeScriptParserMixin.next (C:\Users\altun\OneDrive\Masaüstü\sipariskutusu\sipariskutusu\node_modules\@babel\parser\lib\index.js:5692:10)
    at TypeScriptParserMixin.parseIdentifierName (C:\Users\altun\OneDrive\Masaüstü\sipariskutusu\sipariskutusu\node_modules\@babel\parser\lib\index.js:12213:10)
    at TypeScriptParserMixin.parseIdentifier (C:\Users\altun\OneDrive\Masaüstü\sipariskutusu\sipariskutusu\node_modules\@babel\parser\lib\index.js:12181:23)
    at TypeScriptParserMixin.parsePropertyName (C:\Users\altun\OneDrive\Masaüstü\sipariskutusu\sipariskutusu\node_modules\@babel\parser\lib\index.js:11994:20)
    at TypeScriptParserMixin.parsePropertyDefinition (C:\Users\altun\OneDrive\Masaüstü\sipariskutusu\sipariskutusu\node_modules\@babel\parser\lib\index.js:11889:10)
    at TypeScriptParserMixin.parseObjectLike (C:\Users\altun\OneDrive\Masaüstü\sipariskutusu\sipariskutusu\node_modules\@babel\parser\lib\index.js:11832:21)
    at TypeScriptParserMixin.parseExprAtom (C:\Users\altun\OneDrive\Masaüstü\sipariskutusu\sipariskutusu\node_modules\@babel\parser\lib\index.js:11339:23)
    at TypeScriptParserMixin.parseExprAtom (C:\Users\altun\OneDrive\Masaüstü\sipariskutusu\sipariskutusu\node_modules\@babel\parser\lib\index.js:4764:20)
    at TypeScriptParserMixin.parseExprSubscripts (C:\Users\altun\OneDrive\Masaüstü\sipariskutusu\sipariskutusu\node_modules\@babel\parser\lib\index.js:11081:23)
    at TypeScriptParserMixin.parseUpdate (C:\Users\altun\OneDrive\Masaüstü\sipariskutusu\sipariskutusu\node_modules\@babel\parser\lib\index.js:11066:21)
    at TypeScriptParserMixin.parseMaybeUnary (C:\Users\altun\OneDrive\Masaüstü\sipariskutusu\sipariskutusu\node_modules\@babel\parser\lib\index.js:11046:23)
    at TypeScriptParserMixin.parseMaybeUnary (C:\Users\altun\OneDrive\Masaüstü\sipariskutusu\sipariskutusu\node_modules\@babel\parser\lib\index.js:9837:18)
    at TypeScriptParserMixin.parseMaybeUnaryOrPrivate (C:\Users\altun\OneDrive\Masaüstü\sipariskutusu\sipariskutusu\node_modules\@babel\parser\lib\index.js:10899:61)
    at TypeScriptParserMixin.parseExprOps (C:\Users\altun\OneDrive\Masaüstü\sipariskutusu\sipariskutusu\node_modules\@babel\parser\lib\index.js:10904:23)
    at TypeScriptParserMixin.parseMaybeConditional (C:\Users\altun\OneDrive\Masaüstü\sipariskutusu\sipariskutusu\node_modules\@babel\parser\lib\index.js:10881:23)
    at TypeScriptParserMixin.parseMaybeAssign (C:\Users\altun\OneDrive\Masaüstü\sipariskutusu\sipariskutusu\node_modules\@babel\parser\lib\index.js:10831:21)
    at TypeScriptParserMixin.parseMaybeAssign (C:\Users\altun\OneDrive\Masaüstü\sipariskutusu\sipariskutusu\node_modules\@babel\parser\lib\index.js:9786:20)
    at C:\Users\altun\OneDrive\Masaüstü\sipariskutusu\sipariskutusu\node_modules\@babel\parser\lib\index.js:10800:39
    at TypeScriptParserMixin.allowInAnd (C:\Users\altun\OneDrive\Masaüstü\sipariskutusu\sipariskutusu\node_modules\@babel\parser\lib\index.js:12421:16)
    at TypeScriptParserMixin.parseMaybeAssignAllowIn (C:\Users\altun\OneDrive\Masaüstü\sipariskutusu\sipariskutusu\node_modules\@babel\parser\lib\index.js:10800:17)
    at TypeScriptParserMixin.parseVar (C:\Users\altun\OneDrive\Masaüstü\sipariskutusu\sipariskutusu\node_modules\@babel\parser\lib\index.js:13384:91)
    at TypeScriptParserMixin.parseVarStatement (C:\Users\altun\OneDrive\Masaüstü\sipariskutusu\sipariskutusu\node_modules\@babel\parser\lib\index.js:13230:10)
    at TypeScriptParserMixin.parseVarStatement (C:\Users\altun\OneDrive\Masaüstü\sipariskutusu\sipariskutusu\node_modules\@babel\parser\lib\index.js:9408:31)
    at TypeScriptParserMixin.parseStatementContent (C:\Users\altun\OneDrive\Masaüstü\sipariskutusu\sipariskutusu\node_modules\@babel\parser\lib\index.js:12851:23)
    at TypeScriptParserMixin.parseStatementContent (C:\Users\altun\OneDrive\Masaüstü\sipariskutusu\sipariskutusu\node_modules\@babel\parser\lib\index.js:9508:18)
    at TypeScriptParserMixin.parseStatementLike (C:\Users\altun\OneDrive\Masaüstü\sipariskutusu\sipariskutusu\node_modules\@babel\parser\lib\index.js:12767:17)
    at TypeScriptParserMixin.parseModuleItem (C:\Users\altun\OneDrive\Masaüstü\sipariskutusu\sipariskutusu\node_modules\@babel\parser\lib\index.js:12744:17)
    at TypeScriptParserMixin.parseBlockOrModuleBlockBody (C:\Users\altun\OneDrive\Masaüstü\sipariskutusu\sipariskutusu\node_modules\@babel\parser\lib\index.js:13316:36)
    at TypeScriptParserMixin.parseBlockBody (C:\Users\altun\OneDrive\Masaüstü\sipariskutusu\sipariskutusu\node_modules\@babel\parser\lib\index.js:13309:10)
    at TypeScriptParserMixin.parseProgram (C:\Users\altun\OneDrive\Masaüstü\sipariskutusu\sipariskutusu\node_modules\@babel\parser\lib\index.js:12622:10)
    at TypeScriptParserMixin.parseTopLevel (C:\Users\altun\OneDrive\Masaüstü\sipariskutusu\sipariskutusu\node_modules\@babel\parser\lib\index.js:12612:25)
    at TypeScriptParserMixin.parse (C:\Users\altun\OneDrive\Masaüstü\sipariskutusu\sipariskutusu\node_modules\@babel\parser\lib\index.js:14488:25)
    at TypeScriptParserMixin.parse (C:\Users\altun\OneDrive\Masaüstü\sipariskutusu\sipariskutusu\node_modules\@babel\parser\lib\index.js:10126:18)
    at parse (C:\Users\altun\OneDrive\Masaüstü\sipariskutusu\sipariskutusu\node_modules\@babel\parser\lib\index.js:14501:26)
    at parser (C:\Users\altun\OneDrive\Masaüstü\sipariskutusu\sipariskutusu\node_modules\@babel\core\lib\parser\index.js:41:34)
    at parser.next (<anonymous>)
    at normalizeFile (C:\Users\altun\OneDrive\Masaüstü\sipariskutusu\sipariskutusu\node_modules\@babel\core\lib\transformation\normalize-file.js:64:37)
    at normalizeFile.next (<anonymous>)
    at run (C:\Users\altun\OneDrive\Masaüstü\sipariskutusu\sipariskutusu\node_modules\@babel\core\lib\transformation\index.js:22:50)
    at run.next (<anonymous>)
    at transform (C:\Users\altun\OneDrive\Masaüstü\sipariskutusu\sipariskutusu\node_modules\@babel\core\lib\transform.js:22:33)
    at transform.next (<anonymous>)
    at evaluateSync (C:\Users\altun\OneDrive\Masaüstü\sipariskutusu\sipariskutusu\node_modules\gensync\index.js:251:28)
    at sync (C:\Users\altun\OneDrive\Masaüstü\sipariskutusu\sipariskutusu\node_modules\gensync\index.js:89:14)
 ERROR  SyntaxError: C:\Users\altun\OneDrive\Masaüstü\sipariskutusu\sipariskutusu\src\components\ProductCard.tsx: Unexpected character '¼'. (29:6)

  27 |   Hikayede:          { bg: '#EEF2FF', text: '#4338CA', border: '#C7D2FE', icon: 'ğŸ“¸', label: 'Hikayede' },
  28 |   'Ã‡ok Satan':       { bg: '#ECFDF5', text: '#065F46', border: '#A7F3D0', icon: 'ğŸ”¥', label: 'Ã‡ok Satan' },
> 29 |   PopÃ¼ler:           { bg: '#FFF7ED', text: '#C2410C', border: '#FED7AA', icon: 'ğŸ”¥', label: 'PopÃ¼ler' },
     |       ^
  30 |   'PopÃ¼ler Ä°lan':    { bg: '#FFF7ED', text: '#C2410C', border: '#FED7AA', icon: 'ğŸ”¥', label: 'PopÃ¼ler Ä°lan' },
  31 |   'En Ã‡ok Ä°ncelenen':{ bg: '#F0FDF4', text: '#166534', border: '#BBF7D0', icon: 'ğŸ‘', label: 'Ã‡ok Ä°ncelenen' },
  32 |   Vitrinde:          { bg: '#DBEAFE', text: '#1E40AF', border: '#BFDBFE', icon: 'âœ¨', label: 'Vitrinde' },
    at constructor (C:\Users\altun\OneDrive\Masaüstü\sipariskutusu\sipariskutusu\node_modules\@babel\parser\lib\index.js:365:19)
    at TypeScriptParserMixin.raise (C:\Users\altun\OneDrive\Masaüstü\sipariskutusu\sipariskutusu\node_modules\@babel\parser\lib\index.js:6599:19)
    at TypeScriptParserMixin.getTokenFromCode (C:\Users\altun\OneDrive\Masaüstü\sipariskutusu\sipariskutusu\node_modules\@babel\parser\lib\index.js:6306:16)
    at TypeScriptParserMixin.getTokenFromCode (C:\Users\altun\OneDrive\Masaüstü\sipariskutusu\sipariskutusu\node_modules\@babel\parser\lib\index.js:4797:11)
    at TypeScriptParserMixin.getTokenFromCode (C:\Users\altun\OneDrive\Masaüstü\sipariskutusu\sipariskutusu\node_modules\@babel\parser\lib\index.js:9987:11)
    at TypeScriptParserMixin.nextToken (C:\Users\altun\OneDrive\Masaüstü\sipariskutusu\sipariskutusu\node_modules\@babel\parser\lib\index.js:5782:10)
    at TypeScriptParserMixin.next (C:\Users\altun\OneDrive\Masaüstü\sipariskutusu\sipariskutusu\node_modules\@babel\parser\lib\index.js:5692:10)
    at TypeScriptParserMixin.parseIdentifierName (C:\Users\altun\OneDrive\Masaüstü\sipariskutusu\sipariskutusu\node_modules\@babel\parser\lib\index.js:12213:10)
    at TypeScriptParserMixin.parseIdentifier (C:\Users\altun\OneDrive\Masaüstü\sipariskutusu\sipariskutusu\node_modules\@babel\parser\lib\index.js:12181:23)
    at TypeScriptParserMixin.parsePropertyName (C:\Users\altun\OneDrive\Masaüstü\sipariskutusu\sipariskutusu\node_modules\@babel\parser\lib\index.js:11994:20)
    at TypeScriptParserMixin.parsePropertyDefinition (C:\Users\altun\OneDrive\Masaüstü\sipariskutusu\sipariskutusu\node_modules\@babel\parser\lib\index.js:11889:10)
    at TypeScriptParserMixin.parseObjectLike (C:\Users\altun\OneDrive\Masaüstü\sipariskutusu\sipariskutusu\node_modules\@babel\parser\lib\index.js:11832:21)
    at TypeScriptParserMixin.parseExprAtom (C:\Users\altun\OneDrive\Masaüstü\sipariskutusu\sipariskutusu\node_modules\@babel\parser\lib\index.js:11339:23)
    at TypeScriptParserMixin.parseExprAtom (C:\Users\altun\OneDrive\Masaüstü\sipariskutusu\sipariskutusu\node_modules\@babel\parser\lib\index.js:4764:20)
    at TypeScriptParserMixin.parseExprSubscripts (C:\Users\altun\OneDrive\Masaüstü\sipariskutusu\sipariskutusu\node_modules\@babel\parser\lib\index.js:11081:23)
    at TypeScriptParserMixin.parseUpdate (C:\Users\altun\OneDrive\Masaüstü\sipariskutusu\sipariskutusu\node_modules\@babel\parser\lib\index.js:11066:21)
    at TypeScriptParserMixin.parseMaybeUnary (C:\Users\altun\OneDrive\Masaüstü\sipariskutusu\sipariskutusu\node_modules\@babel\parser\lib\index.js:11046:23)
    at TypeScriptParserMixin.parseMaybeUnary (C:\Users\altun\OneDrive\Masaüstü\sipariskutusu\sipariskutusu\node_modules\@babel\parser\lib\index.js:9837:18)
    at TypeScriptParserMixin.parseMaybeUnaryOrPrivate (C:\Users\altun\OneDrive\Masaüstü\sipariskutusu\sipariskutusu\node_modules\@babel\parser\lib\index.js:10899:61)
    at TypeScriptParserMixin.parseExprOps (C:\Users\altun\OneDrive\Masaüstü\sipariskutusu\sipariskutusu\node_modules\@babel\parser\lib\index.js:10904:23)
    at TypeScriptParserMixin.parseMaybeConditional (C:\Users\altun\OneDrive\Masaüstü\sipariskutusu\sipariskutusu\node_modules\@babel\parser\lib\index.js:10881:23)
    at TypeScriptParserMixin.parseMaybeAssign (C:\Users\altun\OneDrive\Masaüstü\sipariskutusu\sipariskutusu\node_modules\@babel\parser\lib\index.js:10831:21)
    at TypeScriptParserMixin.parseMaybeAssign (C:\Users\altun\OneDrive\Masaüstü\sipariskutusu\sipariskutusu\node_modules\@babel\parser\lib\index.js:9786:20)
    at C:\Users\altun\OneDrive\Masaüstü\sipariskutusu\sipariskutusu\node_modules\@babel\parser\lib\index.js:10800:39
    at TypeScriptParserMixin.allowInAnd (C:\Users\altun\OneDrive\Masaüstü\sipariskutusu\sipariskutusu\node_modules\@babel\parser\lib\index.js:12421:16)
    at TypeScriptParserMixin.parseMaybeAssignAllowIn (C:\Users\altun\OneDrive\Masaüstü\sipariskutusu\sipariskutusu\node_modules\@babel\parser\lib\index.js:10800:17)
    at TypeScriptParserMixin.parseVar (C:\Users\altun\OneDrive\Masaüstü\sipariskutusu\sipariskutusu\node_modules\@babel\parser\lib\index.js:13384:91)
    at TypeScriptParserMixin.parseVarStatement (C:\Users\altun\OneDrive\Masaüstü\sipariskutusu\sipariskutusu\node_modules\@babel\parser\lib\index.js:13230:10)
    at TypeScriptParserMixin.parseVarStatement (C:\Users\altun\OneDrive\Masaüstü\sipariskutusu\sipariskutusu\node_modules\@babel\parser\lib\index.js:9408:31)
    at TypeScriptParserMixin.parseStatementContent (C:\Users\altun\OneDrive\Masaüstü\sipariskutusu\sipariskutusu\node_modules\@babel\parser\lib\index.js:12851:23)
    at TypeScriptParserMixin.parseStatementContent (C:\Users\altun\OneDrive\Masaüstü\sipariskutusu\sipariskutusu\node_modules\@babel\parser\lib\index.js:9508:18)
    at TypeScriptParserMixin.parseStatementLike (C:\Users\altun\OneDrive\Masaüstü\sipariskutusu\sipariskutusu\node_modules\@babel\parser\lib\index.js:12767:17)
    at TypeScriptParserMixin.parseModuleItem (C:\Users\altun\OneDrive\Masaüstü\sipariskutusu\sipariskutusu\node_modules\@babel\parser\lib\index.js:12744:17)
    at TypeScriptParserMixin.parseBlockOrModuleBlockBody (C:\Users\altun\OneDrive\Masaüstü\sipariskutusu\sipariskutusu\node_modules\@babel\parser\lib\index.js:13316:36)
    at TypeScriptParserMixin.parseBlockBody (C:\Users\altun\OneDrive\Masaüstü\sipariskutusu\sipariskutusu\node_modules\@babel\parser\lib\index.js:13309:10)
    at TypeScriptParserMixin.parseProgram (C:\Users\altun\OneDrive\Masaüstü\sipariskutusu\sipariskutusu\node_modules\@babel\parser\lib\index.js:12622:10)
    at TypeScriptParserMixin.parseTopLevel (C:\Users\altun\OneDrive\Masaüstü\sipariskutusu\sipariskutusu\node_modules\@babel\parser\lib\index.js:12612:25)
    at TypeScriptParserMixin.parse (C:\Users\altun\OneDrive\Masaüstü\sipariskutusu\sipariskutusu\node_modules\@babel\parser\lib\index.js:14488:25)
    at TypeScriptParserMixin.parse (C:\Users\altun\OneDrive\Masaüstü\sipariskutusu\sipariskutusu\node_modules\@babel\parser\lib\index.js:10126:18)
    at parse (C:\Users\altun\OneDrive\Masaüstü\sipariskutusu\sipariskutusu\node_modules\@babel\parser\lib\index.js:14501:26)
    at parser (C:\Users\altun\OneDrive\Masaüstü\sipariskutusu\sipariskutusu\node_modules\@babel\core\lib\parser\index.js:41:34)
    at parser.next (<anonymous>)
    at normalizeFile (C:\Users\altun\OneDrive\Masaüstü\sipariskutusu\sipariskutusu\node_modules\@babel\core\lib\transformation\normalize-file.js:64:37)
    at normalizeFile.next (<anonymous>)
    at run (C:\Users\altun\OneDrive\Masaüstü\sipariskutusu\sipariskutusu\node_modules\@babel\core\lib\transformation\index.js:22:50)
    at run.next (<anonymous>)
    at transform (C:\Users\altun\OneDrive\Masaüstü\sipariskutusu\sipariskutusu\node_modules\@babel\core\lib\transform.js:22:33)
    at transform.next (<anonymous>)
    at evaluateSync (C:\Users\altun\OneDrive\Masaüstü\sipariskutusu\sipariskutusu\node_modules\gensync\index.js:251:28)
    at sync (C:\Users\altun\OneDrive\Masaüstü\sipariskutusu\sipariskutusu\node_modules\gensync\index.js:89:14)
 ERROR  SyntaxError: C:\Users\altun\OneDrive\Masaüstü\sipariskutusu\sipariskutusu\src\components\ProductCard.tsx: Unexpected character '¼'. (29:6)

  27 |   Hikayede:          { bg: '#EEF2FF', text: '#4338CA', border: '#C7D2FE', icon: 'ğŸ“¸', label: 'Hikayede' },
  28 |   'Ã‡ok Satan':       { bg: '#ECFDF5', text: '#065F46', border: '#A7F3D0', icon: 'ğŸ”¥', label: 'Ã‡ok Satan' },
> 29 |   PopÃ¼ler:           { bg: '#FFF7ED', text: '#C2410C', border: '#FED7AA', icon: 'ğŸ”¥', label: 'PopÃ¼ler' },
     |       ^
  30 |   'PopÃ¼ler Ä°lan':    { bg: '#FFF7ED', text: '#C2410C', border: '#FED7AA', icon: 'ğŸ”¥', label: 'PopÃ¼ler Ä°lan' },
  31 |   'En Ã‡ok Ä°ncelenen':{ bg: '#F0FDF4', text: '#166534', border: '#BBF7D0', icon: 'ğŸ‘', label: 'Ã‡ok Ä°ncelenen' },
  32 |   Vitrinde:          { bg: '#DBEAFE', text: '#1E40AF', border: '#BFDBFE', icon: 'âœ¨', label: 'Vitrinde' },
    at constructor (C:\Users\altun\OneDrive\Masaüstü\sipariskutusu\sipariskutusu\node_modules\@babel\parser\lib\index.js:365:19)
    at TypeScriptParserMixin.raise (C:\Users\altun\OneDrive\Masaüstü\sipariskutusu\sipariskutusu\node_modules\@babel\parser\lib\index.js:6599:19)
    at TypeScriptParserMixin.getTokenFromCode (C:\Users\altun\OneDrive\Masaüstü\sipariskutusu\sipariskutusu\node_modules\@babel\parser\lib\index.js:6306:16)
    at TypeScriptParserMixin.getTokenFromCode (C:\Users\altun\OneDrive\Masaüstü\sipariskutusu\sipariskutusu\node_modules\@babel\parser\lib\index.js:4797:11)
    at TypeScriptParserMixin.getTokenFromCode (C:\Users\altun\OneDrive\Masaüstü\sipariskutusu\sipariskutusu\node_modules\@babel\parser\lib\index.js:9987:11)
    at TypeScriptParserMixin.nextToken (C:\Users\altun\OneDrive\Masaüstü\sipariskutusu\sipariskutusu\node_modules\@babel\parser\lib\index.js:5782:10)
    at TypeScriptParserMixin.next (C:\Users\altun\OneDrive\Masaüstü\sipariskutusu\sipariskutusu\node_modules\@babel\parser\lib\index.js:5692:10)
    at TypeScriptParserMixin.parseIdentifierName (C:\Users\altun\OneDrive\Masaüstü\sipariskutusu\sipariskutusu\node_modules\@babel\parser\lib\index.js:12213:10)
    at TypeScriptParserMixin.parseIdentifier (C:\Users\altun\OneDrive\Masaüstü\sipariskutusu\sipariskutusu\node_modules\@babel\parser\lib\index.js:12181:23)
    at TypeScriptParserMixin.parsePropertyName (C:\Users\altun\OneDrive\Masaüstü\sipariskutusu\sipariskutusu\node_modules\@babel\parser\lib\index.js:11994:20)
    at TypeScriptParserMixin.parsePropertyDefinition (C:\Users\altun\OneDrive\Masaüstü\sipariskutusu\sipariskutusu\node_modules\@babel\parser\lib\index.js:11889:10)
    at TypeScriptParserMixin.parseObjectLike (C:\Users\altun\OneDrive\Masaüstü\sipariskutusu\sipariskutusu\node_modules\@babel\parser\lib\index.js:11832:21)
    at TypeScriptParserMixin.parseExprAtom (C:\Users\altun\OneDrive\Masaüstü\sipariskutusu\sipariskutusu\node_modules\@babel\parser\lib\index.js:11339:23)
    at TypeScriptParserMixin.parseExprAtom (C:\Users\altun\OneDrive\Masaüstü\sipariskutusu\sipariskutusu\node_modules\@babel\parser\lib\index.js:4764:20)
    at TypeScriptParserMixin.parseExprSubscripts (C:\Users\altun\OneDrive\Masaüstü\sipariskutusu\sipariskutusu\node_modules\@babel\parser\lib\index.js:11081:23)
    at TypeScriptParserMixin.parseUpdate (C:\Users\altun\OneDrive\Masaüstü\sipariskutusu\sipariskutusu\node_modules\@babel\parser\lib\index.js:11066:21)
    at TypeScriptParserMixin.parseMaybeUnary (C:\Users\altun\OneDrive\Masaüstü\sipariskutusu\sipariskutusu\node_modules\@babel\parser\lib\index.js:11046:23)
    at TypeScriptParserMixin.parseMaybeUnary (C:\Users\altun\OneDrive\Masaüstü\sipariskutusu\sipariskutusu\node_modules\@babel\parser\lib\index.js:9837:18)
    at TypeScriptParserMixin.parseMaybeUnaryOrPrivate (C:\Users\altun\OneDrive\Masaüstü\sipariskutusu\sipariskutusu\node_modules\@babel\parser\lib\index.js:10899:61)
    at TypeScriptParserMixin.parseExprOps (C:\Users\altun\OneDrive\Masaüstü\sipariskutusu\sipariskutusu\node_modules\@babel\parser\lib\index.js:10904:23)
    at TypeScriptParserMixin.parseMaybeConditional (C:\Users\altun\OneDrive\Masaüstü\sipariskutusu\sipariskutusu\node_modules\@babel\parser\lib\index.js:10881:23)
    at TypeScriptParserMixin.parseMaybeAssign (C:\Users\altun\OneDrive\Masaüstü\sipariskutusu\sipariskutusu\node_modules\@babel\parser\lib\index.js:10831:21)
    at TypeScriptParserMixin.parseMaybeAssign (C:\Users\altun\OneDrive\Masaüstü\sipariskutusu\sipariskutusu\node_modules\@babel\parser\lib\index.js:9786:20)
    at C:\Users\altun\OneDrive\Masaüstü\sipariskutusu\sipariskutusu\node_modules\@babel\parser\lib\index.js:10800:39
    at TypeScriptParserMixin.allowInAnd (C:\Users\altun\OneDrive\Masaüstü\sipariskutusu\sipariskutusu\node_modules\@babel\parser\lib\index.js:12421:16)
    at TypeScriptParserMixin.parseMaybeAssignAllowIn (C:\Users\altun\OneDrive\Masaüstü\sipariskutusu\sipariskutusu\node_modules\@babel\parser\lib\index.js:10800:17)
    at TypeScriptParserMixin.parseVar (C:\Users\altun\OneDrive\Masaüstü\sipariskutusu\sipariskutusu\node_modules\@babel\parser\lib\index.js:13384:91)
    at TypeScriptParserMixin.parseVarStatement (C:\Users\altun\OneDrive\Masaüstü\sipariskutusu\sipariskutusu\node_modules\@babel\parser\lib\index.js:13230:10)
    at TypeScriptParserMixin.parseVarStatement (C:\Users\altun\OneDrive\Masaüstü\sipariskutusu\sipariskutusu\node_modules\@babel\parser\lib\index.js:9408:31)
    at TypeScriptParserMixin.parseStatementContent (C:\Users\altun\OneDrive\Masaüstü\sipariskutusu\sipariskutusu\node_modules\@babel\parser\lib\index.js:12851:23)
    at TypeScriptParserMixin.parseStatementContent (C:\Users\altun\OneDrive\Masaüstü\sipariskutusu\sipariskutusu\node_modules\@babel\parser\lib\index.js:9508:18)
    at TypeScriptParserMixin.parseStatementLike (C:\Users\altun\OneDrive\Masaüstü\sipariskutusu\sipariskutusu\node_modules\@babel\parser\lib\index.js:12767:17)
    at TypeScriptParserMixin.parseModuleItem (C:\Users\altun\OneDrive\Masaüstü\sipariskutusu\sipariskutusu\node_modules\@babel\parser\lib\index.js:12744:17)
    at TypeScriptParserMixin.parseBlockOrModuleBlockBody (C:\Users\altun\OneDrive\Masaüstü\sipariskutusu\sipariskutusu\node_modules\@babel\parser\lib\index.js:13316:36)
    at TypeScriptParserMixin.parseBlockBody (C:\Users\altun\OneDrive\Masaüstü\sipariskutusu\sipariskutusu\node_modules\@babel\parser\lib\index.js:13309:10)
    at TypeScriptParserMixin.parseProgram (C:\Users\altun\OneDrive\Masaüstü\sipariskutusu\sipariskutusu\node_modules\@babel\parser\lib\index.js:12622:10)
    at TypeScriptParserMixin.parseTopLevel (C:\Users\altun\OneDrive\Masaüstü\sipariskutusu\sipariskutusu\node_modules\@babel\parser\lib\index.js:12612:25)
    at TypeScriptParserMixin.parse (C:\Users\altun\OneDrive\Masaüstü\sipariskutusu\sipariskutusu\node_modules\@babel\parser\lib\index.js:14488:25)
    at TypeScriptParserMixin.parse (C:\Users\altun\OneDrive\Masaüstü\sipariskutusu\sipariskutusu\node_modules\@babel\parser\lib\index.js:10126:18)
    at parse (C:\Users\altun\OneDrive\Masaüstü\sipariskutusu\sipariskutusu\node_modules\@babel\parser\lib\index.js:14501:26)
    at parser (C:\Users\altun\OneDrive\Masaüstü\sipariskutusu\sipariskutusu\node_modules\@babel\core\lib\parser\index.js:41:34)
    at parser.next (<anonymous>)
    at normalizeFile (C:\Users\altun\OneDrive\Masaüstü\sipariskutusu\sipariskutusu\node_modules\@babel\core\lib\transformation\normalize-file.js:64:37)
    at normalizeFile.next (<anonymous>)
    at run (C:\Users\altun\OneDrive\Masaüstü\sipariskutusu\sipariskutusu\node_modules\@babel\core\lib\transformation\index.js:22:50)
    at run.next (<anonymous>)
    at transform (C:\Users\altun\OneDrive\Masaüstü\sipariskutusu\sipariskutusu\node_modules\@babel\core\lib\transform.js:22:33)
    at transform.next (<anonymous>)
    at evaluateSync (C:\Users\altun\OneDrive\Masaüstü\sipariskutusu\sipariskutusu\node_modules\gensync\index.js:251:28)
    at sync (C:\Users\altun\OneDrive\Masaüstü\sipariskutusu\sipariskutusu\node_modules\gensync\index.js:89:14)
 ERROR  SyntaxError: C:\Users\altun\OneDrive\Masaüstü\sipariskutusu\sipariskutusu\src\components\ProductCard.tsx: Unexpected character '¼'. (29:6)

  27 |   Hikayede:          { bg: '#EEF2FF', text: '#4338CA', border: '#C7D2FE', icon: 'ğŸ“¸', label: 'Hikayede' },
  28 |   'Ã‡ok Satan':       { bg: '#ECFDF5', text: '#065F46', border: '#A7F3D0', icon: 'ğŸ”¥', label: 'Ã‡ok Satan' },
> 29 |   PopÃ¼ler:           { bg: '#FFF7ED', text: '#C2410C', border: '#FED7AA', icon: 'ğŸ”¥', label: 'PopÃ¼ler' },
     |       ^
  30 |   'PopÃ¼ler Ä°lan':    { bg: '#FFF7ED', text: '#C2410C', border: '#FED7AA', icon: 'ğŸ”¥', label: 'PopÃ¼ler Ä°lan' },
  31 |   'En Ã‡ok Ä°ncelenen':{ bg: '#F0FDF4', text: '#166534', border: '#BBF7D0', icon: 'ğŸ‘', label: 'Ã‡ok Ä°ncelenen' },
  32 |   Vitrinde:          { bg: '#DBEAFE', text: '#1E40AF', border: '#BFDBFE', icon: 'âœ¨', label: 'Vitrinde' },
    at constructor (C:\Users\altun\OneDrive\Masaüstü\sipariskutusu\sipariskutusu\node_modules\@babel\parser\lib\index.js:365:19)
    at TypeScriptParserMixin.raise (C:\Users\altun\OneDrive\Masaüstü\sipariskutusu\sipariskutusu\node_modules\@babel\parser\lib\index.js:6599:19)
    at TypeScriptParserMixin.getTokenFromCode (C:\Users\altun\OneDrive\Masaüstü\sipariskutusu\sipariskutusu\node_modules\@babel\parser\lib\index.js:6306:16)
    at TypeScriptParserMixin.getTokenFromCode (C:\Users\altun\OneDrive\Masaüstü\sipariskutusu\sipariskutusu\node_modules\@babel\parser\lib\index.js:4797:11)
    at TypeScriptParserMixin.getTokenFromCode (C:\Users\altun\OneDrive\Masaüstü\sipariskutusu\sipariskutusu\node_modules\@babel\parser\lib\index.js:9987:11)
    at TypeScriptParserMixin.nextToken (C:\Users\altun\OneDrive\Masaüstü\sipariskutusu\sipariskutusu\node_modules\@babel\parser\lib\index.js:5782:10)
    at TypeScriptParserMixin.next (C:\Users\altun\OneDrive\Masaüstü\sipariskutusu\sipariskutusu\node_modules\@babel\parser\lib\index.js:5692:10)
    at TypeScriptParserMixin.parseIdentifierName (C:\Users\altun\OneDrive\Masaüstü\sipariskutusu\sipariskutusu\node_modules\@babel\parser\lib\index.js:12213:10)
    at TypeScriptParserMixin.parseIdentifier (C:\Users\altun\OneDrive\Masaüstü\sipariskutusu\sipariskutusu\node_modules\@babel\parser\lib\index.js:12181:23)
    at TypeScriptParserMixin.parsePropertyName (C:\Users\altun\OneDrive\Masaüstü\sipariskutusu\sipariskutusu\node_modules\@babel\parser\lib\index.js:11994:20)
    at TypeScriptParserMixin.parsePropertyDefinition (C:\Users\altun\OneDrive\Masaüstü\sipariskutusu\sipariskutusu\node_modules\@babel\parser\lib\index.js:11889:10)
    at TypeScriptParserMixin.parseObjectLike (C:\Users\altun\OneDrive\Masaüstü\sipariskutusu\sipariskutusu\node_modules\@babel\parser\lib\index.js:11832:21)
    at TypeScriptParserMixin.parseExprAtom (C:\Users\altun\OneDrive\Masaüstü\sipariskutusu\sipariskutusu\node_modules\@babel\parser\lib\index.js:11339:23)
    at TypeScriptParserMixin.parseExprAtom (C:\Users\altun\OneDrive\Masaüstü\sipariskutusu\sipariskutusu\node_modules\@babel\parser\lib\index.js:4764:20)
    at TypeScriptParserMixin.parseExprSubscripts (C:\Users\altun\OneDrive\Masaüstü\sipariskutusu\sipariskutusu\node_modules\@babel\parser\lib\index.js:11081:23)
    at TypeScriptParserMixin.parseUpdate (C:\Users\altun\OneDrive\Masaüstü\sipariskutusu\sipariskutusu\node_modules\@babel\parser\lib\index.js:11066:21)
    at TypeScriptParserMixin.parseMaybeUnary (C:\Users\altun\OneDrive\Masaüstü\sipariskutusu\sipariskutusu\node_modules\@babel\parser\lib\index.js:11046:23)
    at TypeScriptParserMixin.parseMaybeUnary (C:\Users\altun\OneDrive\Masaüstü\sipariskutusu\sipariskutusu\node_modules\@babel\parser\lib\index.js:9837:18)
    at TypeScriptParserMixin.parseMaybeUnaryOrPrivate (C:\Users\altun\OneDrive\Masaüstü\sipariskutusu\sipariskutusu\node_modules\@babel\parser\lib\index.js:10899:61)
    at TypeScriptParserMixin.parseExprOps (C:\Users\altun\OneDrive\Masaüstü\sipariskutusu\sipariskutusu\node_modules\@babel\parser\lib\index.js:10904:23)
    at TypeScriptParserMixin.parseMaybeConditional (C:\Users\altun\OneDrive\Masaüstü\sipariskutusu\sipariskutusu\node_modules\@babel\parser\lib\index.js:10881:23)
    at TypeScriptParserMixin.parseMaybeAssign (C:\Users\altun\OneDrive\Masaüstü\sipariskutusu\sipariskutusu\node_modules\@babel\parser\lib\index.js:10831:21)
    at TypeScriptParserMixin.parseMaybeAssign (C:\Users\altun\OneDrive\Masaüstü\sipariskutusu\sipariskutusu\node_modules\@babel\parser\lib\index.js:9786:20)
    at C:\Users\altun\OneDrive\Masaüstü\sipariskutusu\sipariskutusu\node_modules\@babel\parser\lib\index.js:10800:39
    at TypeScriptParserMixin.allowInAnd (C:\Users\altun\OneDrive\Masaüstü\sipariskutusu\sipariskutusu\node_modules\@babel\parser\lib\index.js:12421:16)
    at TypeScriptParserMixin.parseMaybeAssignAllowIn (C:\Users\altun\OneDrive\Masaüstü\sipariskutusu\sipariskutusu\node_modules\@babel\parser\lib\index.js:10800:17)
    at TypeScriptParserMixin.parseVar (C:\Users\altun\OneDrive\Masaüstü\sipariskutusu\sipariskutusu\node_modules\@babel\parser\lib\index.js:13384:91)
    at TypeScriptParserMixin.parseVarStatement (C:\Users\altun\OneDrive\Masaüstü\sipariskutusu\sipariskutusu\node_modules\@babel\parser\lib\index.js:13230:10)
    at TypeScriptParserMixin.parseVarStatement (C:\Users\altun\OneDrive\Masaüstü\sipariskutusu\sipariskutusu\node_modules\@babel\parser\lib\index.js:9408:31)
    at TypeScriptParserMixin.parseStatementContent (C:\Users\altun\OneDrive\Masaüstü\sipariskutusu\sipariskutusu\node_modules\@babel\parser\lib\index.js:12851:23)
    at TypeScriptParserMixin.parseStatementContent (C:\Users\altun\OneDrive\Masaüstü\sipariskutusu\sipariskutusu\node_modules\@babel\parser\lib\index.js:9508:18)
    at TypeScriptParserMixin.parseStatementLike (C:\Users\altun\OneDrive\Masaüstü\sipariskutusu\sipariskutusu\node_modules\@babel\parser\lib\index.js:12767:17)
    at TypeScriptParserMixin.parseModuleItem (C:\Users\altun\OneDrive\Masaüstü\sipariskutusu\sipariskutusu\node_modules\@babel\parser\lib\index.js:12744:17)
    at TypeScriptParserMixin.parseBlockOrModuleBlockBody (C:\Users\altun\OneDrive\Masaüstü\sipariskutusu\sipariskutusu\node_modules\@babel\parser\lib\index.js:13316:36)
    at TypeScriptParserMixin.parseBlockBody (C:\Users\altun\OneDrive\Masaüstü\sipariskutusu\sipariskutusu\node_modules\@babel\parser\lib\index.js:13309:10)
    at TypeScriptParserMixin.parseProgram (C:\Users\altun\OneDrive\Masaüstü\sipariskutusu\sipariskutusu\node_modules\@babel\parser\lib\index.js:12622:10)
    at TypeScriptParserMixin.parseTopLevel (C:\Users\altun\OneDrive\Masaüstü\sipariskutusu\sipariskutusu\node_modules\@babel\parser\lib\index.js:12612:25)
    at TypeScriptParserMixin.parse (C:\Users\altun\OneDrive\Masaüstü\sipariskutusu\sipariskutusu\node_modules\@babel\parser\lib\index.js:14488:25)
    at TypeScriptParserMixin.parse (C:\Users\altun\OneDrive\Masaüstü\sipariskutusu\sipariskutusu\node_modules\@babel\parser\lib\index.js:10126:18)
    at parse (C:\Users\altun\OneDrive\Masaüstü\sipariskutusu\sipariskutusu\node_modules\@babel\parser\lib\index.js:14501:26)
    at parser (C:\Users\altun\OneDrive\Masaüstü\sipariskutusu\sipariskutusu\node_modules\@babel\core\lib\parser\index.js:41:34)
    at parser.next (<anonymous>)
    at normalizeFile (C:\Users\altun\OneDrive\Masaüstü\sipariskutusu\sipariskutusu\node_modules\@babel\core\lib\transformation\normalize-file.js:64:37)
    at normalizeFile.next (<anonymous>)
    at run (C:\Users\altun\OneDrive\Masaüstü\sipariskutusu\sipariskutusu\node_modules\@babel\core\lib\transformation\index.js:22:50)
    at run.next (<anonymous>)
    at transform (C:\Users\altun\OneDrive\Masaüstü\sipariskutusu\sipariskutusu\node_modules\@babel\core\lib\transform.js:22:33)
    at transform.next (<anonymous>)
    at evaluateSync (C:\Users\altun\OneDrive\Masaüstü\sipariskutusu\sipariskutusu\node_modules\gensync\index.js:251:28)
    at sync (C:\Users\altun\OneDrive\Masaüstü\sipariskutusu\sipariskutusu\node_modules\gensync\index.js:89:14)
 ERROR  SyntaxError: C:\Users\altun\OneDrive\Masaüstü\sipariskutusu\sipariskutusu\src\components\ProductCard.tsx: Unexpected character '¼'. (29:6)

  27 |   Hikayede:          { bg: '#EEF2FF', text: '#4338CA', border: '#C7D2FE', icon: 'ğŸ“¸', label: 'Hikayede' },
  28 |   'Ã‡ok Satan':       { bg: '#ECFDF5', text: '#065F46', border: '#A7F3D0', icon: 'ğŸ”¥', label: 'Ã‡ok Satan' },
> 29 |   PopÃ¼ler:           { bg: '#FFF7ED', text: '#C2410C', border: '#FED7AA', icon: 'ğŸ”¥', label: 'PopÃ¼ler' },
     |       ^
  30 |   'PopÃ¼ler Ä°lan':    { bg: '#FFF7ED', text: '#C2410C', border: '#FED7AA', icon: 'ğŸ”¥', label: 'PopÃ¼ler Ä°lan' },
  31 |   'En Ã‡ok Ä°ncelenen':{ bg: '#F0FDF4', text: '#166534', border: '#BBF7D0', icon: 'ğŸ‘', label: 'Ã‡ok Ä°ncelenen' },
  32 |   Vitrinde:          { bg: '#DBEAFE', text: '#1E40AF', border: '#BFDBFE', icon: 'âœ¨', label: 'Vitrinde' },
    at constructor (C:\Users\altun\OneDrive\Masaüstü\sipariskutusu\sipariskutusu\node_modules\@babel\parser\lib\index.js:365:19)
    at TypeScriptParserMixin.raise (C:\Users\altun\OneDrive\Masaüstü\sipariskutusu\sipariskutusu\node_modules\@babel\parser\lib\index.js:6599:19)
    at TypeScriptParserMixin.getTokenFromCode (C:\Users\altun\OneDrive\Masaüstü\sipariskutusu\sipariskutusu\node_modules\@babel\parser\lib\index.js:6306:16)
    at TypeScriptParserMixin.getTokenFromCode (C:\Users\altun\OneDrive\Masaüstü\sipariskutusu\sipariskutusu\node_modules\@babel\parser\lib\index.js:4797:11)
    at TypeScriptParserMixin.getTokenFromCode (C:\Users\altun\OneDrive\Masaüstü\sipariskutusu\sipariskutusu\node_modules\@babel\parser\lib\index.js:9987:11)
    at TypeScriptParserMixin.nextToken (C:\Users\altun\OneDrive\Masaüstü\sipariskutusu\sipariskutusu\node_modules\@babel\parser\lib\index.js:5782:10)
    at TypeScriptParserMixin.next (C:\Users\altun\OneDrive\Masaüstü\sipariskutusu\sipariskutusu\node_modules\@babel\parser\lib\index.js:5692:10)
    at TypeScriptParserMixin.parseIdentifierName (C:\Users\altun\OneDrive\Masaüstü\sipariskutusu\sipariskutusu\node_modules\@babel\parser\lib\index.js:12213:10)
    at TypeScriptParserMixin.parseIdentifier (C:\Users\altun\OneDrive\Masaüstü\sipariskutusu\sipariskutusu\node_modules\@babel\parser\lib\index.js:12181:23)
    at TypeScriptParserMixin.parsePropertyName (C:\Users\altun\OneDrive\Masaüstü\sipariskutusu\sipariskutusu\node_modules\@babel\parser\lib\index.js:11994:20)
    at TypeScriptParserMixin.parsePropertyDefinition (C:\Users\altun\OneDrive\Masaüstü\sipariskutusu\sipariskutusu\node_modules\@babel\parser\lib\index.js:11889:10)
    at TypeScriptParserMixin.parseObjectLike (C:\Users\altun\OneDrive\Masaüstü\sipariskutusu\sipariskutusu\node_modules\@babel\parser\lib\index.js:11832:21)
    at TypeScriptParserMixin.parseExprAtom (C:\Users\altun\OneDrive\Masaüstü\sipariskutusu\sipariskutusu\node_modules\@babel\parser\lib\index.js:11339:23)
    at TypeScriptParserMixin.parseExprAtom (C:\Users\altun\OneDrive\Masaüstü\sipariskutusu\sipariskutusu\node_modules\@babel\parser\lib\index.js:4764:20)
    at TypeScriptParserMixin.parseExprSubscripts (C:\Users\altun\OneDrive\Masaüstü\sipariskutusu\sipariskutusu\node_modules\@babel\parser\lib\index.js:11081:23)
    at TypeScriptParserMixin.parseUpdate (C:\Users\altun\OneDrive\Masaüstü\sipariskutusu\sipariskutusu\node_modules\@babel\parser\lib\index.js:11066:21)
    at TypeScriptParserMixin.parseMaybeUnary (C:\Users\altun\OneDrive\Masaüstü\sipariskutusu\sipariskutusu\node_modules\@babel\parser\lib\index.js:11046:23)
    at TypeScriptParserMixin.parseMaybeUnary (C:\Users\altun\OneDrive\Masaüstü\sipariskutusu\sipariskutusu\node_modules\@babel\parser\lib\index.js:9837:18)
    at TypeScriptParserMixin.parseMaybeUnaryOrPrivate (C:\Users\altun\OneDrive\Masaüstü\sipariskutusu\sipariskutusu\node_modules\@babel\parser\lib\index.js:10899:61)
    at TypeScriptParserMixin.parseExprOps (C:\Users\altun\OneDrive\Masaüstü\sipariskutusu\sipariskutusu\node_modules\@babel\parser\lib\index.js:10904:23)
    at TypeScriptParserMixin.parseMaybeConditional (C:\Users\altun\OneDrive\Masaüstü\sipariskutusu\sipariskutusu\node_modules\@babel\parser\lib\index.js:10881:23)
    at TypeScriptParserMixin.parseMaybeAssign (C:\Users\altun\OneDrive\Masaüstü\sipariskutusu\sipariskutusu\node_modules\@babel\parser\lib\index.js:10831:21)
    at TypeScriptParserMixin.parseMaybeAssign (C:\Users\altun\OneDrive\Masaüstü\sipariskutusu\sipariskutusu\node_modules\@babel\parser\lib\index.js:9786:20)
    at C:\Users\altun\OneDrive\Masaüstü\sipariskutusu\sipariskutusu\node_modules\@babel\parser\lib\index.js:10800:39
    at TypeScriptParserMixin.allowInAnd (C:\Users\altun\OneDrive\Masaüstü\sipariskutusu\sipariskutusu\node_modules\@babel\parser\lib\index.js:12421:16)
    at TypeScriptParserMixin.parseMaybeAssignAllowIn (C:\Users\altun\OneDrive\Masaüstü\sipariskutusu\sipariskutusu\node_modules\@babel\parser\lib\index.js:10800:17)
    at TypeScriptParserMixin.parseVar (C:\Users\altun\OneDrive\Masaüstü\sipariskutusu\sipariskutusu\node_modules\@babel\parser\lib\index.js:13384:91)
    at TypeScriptParserMixin.parseVarStatement (C:\Users\altun\OneDrive\Masaüstü\sipariskutusu\sipariskutusu\node_modules\@babel\parser\lib\index.js:13230:10)
    at TypeScriptParserMixin.parseVarStatement (C:\Users\altun\OneDrive\Masaüstü\sipariskutusu\sipariskutusu\node_modules\@babel\parser\lib\index.js:9408:31)
    at TypeScriptParserMixin.parseStatementContent (C:\Users\altun\OneDrive\Masaüstü\sipariskutusu\sipariskutusu\node_modules\@babel\parser\lib\index.js:12851:23)
    at TypeScriptParserMixin.parseStatementContent (C:\Users\altun\OneDrive\Masaüstü\sipariskutusu\sipariskutusu\node_modules\@babel\parser\lib\index.js:9508:18)
    at TypeScriptParserMixin.parseStatementLike (C:\Users\altun\OneDrive\Masaüstü\sipariskutusu\sipariskutusu\node_modules\@babel\parser\lib\index.js:12767:17)
    at TypeScriptParserMixin.parseModuleItem (C:\Users\altun\OneDrive\Masaüstü\sipariskutusu\sipariskutusu\node_modules\@babel\parser\lib\index.js:12744:17)
    at TypeScriptParserMixin.parseBlockOrModuleBlockBody (C:\Users\altun\OneDrive\Masaüstü\sipariskutusu\sipariskutusu\node_modules\@babel\parser\lib\index.js:13316:36)
    at TypeScriptParserMixin.parseBlockBody (C:\Users\altun\OneDrive\Masaüstü\sipariskutusu\sipariskutusu\node_modules\@babel\parser\lib\index.js:13309:10)
    at TypeScriptParserMixin.parseProgram (C:\Users\altun\OneDrive\Masaüstü\sipariskutusu\sipariskutusu\node_modules\@babel\parser\lib\index.js:12622:10)
    at TypeScriptParserMixin.parseTopLevel (C:\Users\altun\OneDrive\Masaüstü\sipariskutusu\sipariskutusu\node_modules\@babel\parser\lib\index.js:12612:25)
    at TypeScriptParserMixin.parse (C:\Users\altun\OneDrive\Masaüstü\sipariskutusu\sipariskutusu\node_modules\@babel\parser\lib\index.js:14488:25)
    at TypeScriptParserMixin.parse (C:\Users\altun\OneDrive\Masaüstü\sipariskutusu\sipariskutusu\node_modules\@babel\parser\lib\index.js:10126:18)
    at parse (C:\Users\altun\OneDrive\Masaüstü\sipariskutusu\sipariskutusu\node_modules\@babel\parser\lib\index.js:14501:26)
    at parser (C:\Users\altun\OneDrive\Masaüstü\sipariskutusu\sipariskutusu\node_modules\@babel\core\lib\parser\index.js:41:34)
    at parser.next (<anonymous>)
    at normalizeFile (C:\Users\altun\OneDrive\Masaüstü\sipariskutusu\sipariskutusu\node_modules\@babel\core\lib\transformation\normalize-file.js:64:37)
    at normalizeFile.next (<anonymous>)
    at run (C:\Users\altun\OneDrive\Masaüstü\sipariskutusu\sipariskutusu\node_modules\@babel\core\lib\transformation\index.js:22:50)
    at run.next (<anonymous>)
    at transform (C:\Users\altun\OneDrive\Masaüstü\sipariskutusu\sipariskutusu\node_modules\@babel\core\lib\transform.js:22:33)
    at transform.next (<anonymous>)
    at evaluateSync (C:\Users\altun\OneDrive\Masaüstü\sipariskutusu\sipariskutusu\node_modules\gensync\index.js:251:28)
    at sync (C:\Users\altun\OneDrive\Masaüstü\sipariskutusu\sipariskutusu\node_modules\gensync\index.js:89:14)
 ERROR  SyntaxError: C:\Users\altun\OneDrive\Masaüstü\sipariskutusu\sipariskutusu\src\components\ProductCard.tsx: Unexpected character '¼'. (28:6)

  26 |   Hikayede:          { bg: '#EEF2FF', text: '#4338CA', border: '#C7D2FE', icon: 'ğŸ“¸', label: 'Hikayede' },
  27 |   'Ã‡ok Satan':       { bg: '#ECFDF5', text: '#065F46', border: '#A7F3D0', icon: 'ğŸ”¥', label: 'Ã‡ok Satan' },
> 28 |   PopÃ¼ler:           { bg: '#FFF7ED', text: '#C2410C', border: '#FED7AA', icon: 'ğŸ”¥', label: 'PopÃ¼ler' },
     |       ^
  29 |   'PopÃ¼ler Ä°lan':    { bg: '#FFF7ED', text: '#C2410C', border: '#FED7AA', icon: 'ğŸ”¥', label: 'PopÃ¼ler Ä°lan' },
  30 |   'En Ã‡ok Ä°ncelenen':{ bg: '#F0FDF4', text: '#166534', border: '#BBF7D0', icon: 'ğŸ‘', label: 'Ã‡ok Ä°ncelenen' },
  31 |   Vitrinde:          { bg: '#DBEAFE', text: '#1E40AF', border: '#BFDBFE', icon: 'âœ¨', label: 'Vitrinde' },
    at constructor (C:\Users\altun\OneDrive\Masaüstü\sipariskutusu\sipariskutusu\node_modules\@babel\parser\lib\index.js:365:19)
    at TypeScriptParserMixin.raise (C:\Users\altun\OneDrive\Masaüstü\sipariskutusu\sipariskutusu\node_modules\@babel\parser\lib\index.js:6599:19)
    at TypeScriptParserMixin.getTokenFromCode (C:\Users\altun\OneDrive\Masaüstü\sipariskutusu\sipariskutusu\node_modules\@babel\parser\lib\index.js:6306:16)
    at TypeScriptParserMixin.getTokenFromCode (C:\Users\altun\OneDrive\Masaüstü\sipariskutusu\sipariskutusu\node_modules\@babel\parser\lib\index.js:4797:11)
    at TypeScriptParserMixin.getTokenFromCode (C:\Users\altun\OneDrive\Masaüstü\sipariskutusu\sipariskutusu\node_modules\@babel\parser\lib\index.js:9987:11)
    at TypeScriptParserMixin.nextToken (C:\Users\altun\OneDrive\Masaüstü\sipariskutusu\sipariskutusu\node_modules\@babel\parser\lib\index.js:5782:10)
    at TypeScriptParserMixin.next (C:\Users\altun\OneDrive\Masaüstü\sipariskutusu\sipariskutusu\node_modules\@babel\parser\lib\index.js:5692:10)
    at TypeScriptParserMixin.parseIdentifierName (C:\Users\altun\OneDrive\Masaüstü\sipariskutusu\sipariskutusu\node_modules\@babel\parser\lib\index.js:12213:10)
    at TypeScriptParserMixin.parseIdentifier (C:\Users\altun\OneDrive\Masaüstü\sipariskutusu\sipariskutusu\node_modules\@babel\parser\lib\index.js:12181:23)
    at TypeScriptParserMixin.parsePropertyName (C:\Users\altun\OneDrive\Masaüstü\sipariskutusu\sipariskutusu\node_modules\@babel\parser\lib\index.js:11994:20)
    at TypeScriptParserMixin.parsePropertyDefinition (C:\Users\altun\OneDrive\Masaüstü\sipariskutusu\sipariskutusu\node_modules\@babel\parser\lib\index.js:11889:10)
    at TypeScriptParserMixin.parseObjectLike (C:\Users\altun\OneDrive\Masaüstü\sipariskutusu\sipariskutusu\node_modules\@babel\parser\lib\index.js:11832:21)
    at TypeScriptParserMixin.parseExprAtom (C:\Users\altun\OneDrive\Masaüstü\sipariskutusu\sipariskutusu\node_modules\@babel\parser\lib\index.js:11339:23)
    at TypeScriptParserMixin.parseExprAtom (C:\Users\altun\OneDrive\Masaüstü\sipariskutusu\sipariskutusu\node_modules\@babel\parser\lib\index.js:4764:20)
    at TypeScriptParserMixin.parseExprSubscripts (C:\Users\altun\OneDrive\Masaüstü\sipariskutusu\sipariskutusu\node_modules\@babel\parser\lib\index.js:11081:23)
    at TypeScriptParserMixin.parseUpdate (C:\Users\altun\OneDrive\Masaüstü\sipariskutusu\sipariskutusu\node_modules\@babel\parser\lib\index.js:11066:21)
    at TypeScriptParserMixin.parseMaybeUnary (C:\Users\altun\OneDrive\Masaüstü\sipariskutusu\sipariskutusu\node_modules\@babel\parser\lib\index.js:11046:23)
    at TypeScriptParserMixin.parseMaybeUnary (C:\Users\altun\OneDrive\Masaüstü\sipariskutusu\sipariskutusu\node_modules\@babel\parser\lib\index.js:9837:18)
    at TypeScriptParserMixin.parseMaybeUnaryOrPrivate (C:\Users\altun\OneDrive\Masaüstü\sipariskutusu\sipariskutusu\node_modules\@babel\parser\lib\index.js:10899:61)
    at TypeScriptParserMixin.parseExprOps (C:\Users\altun\OneDrive\Masaüstü\sipariskutusu\sipariskutusu\node_modules\@babel\parser\lib\index.js:10904:23)
    at TypeScriptParserMixin.parseMaybeConditional (C:\Users\altun\OneDrive\Masaüstü\sipariskutusu\sipariskutusu\node_modules\@babel\parser\lib\index.js:10881:23)
    at TypeScriptParserMixin.parseMaybeAssign (C:\Users\altun\OneDrive\Masaüstü\sipariskutusu\sipariskutusu\node_modules\@babel\parser\lib\index.js:10831:21)
    at TypeScriptParserMixin.parseMaybeAssign (C:\Users\altun\OneDrive\Masaüstü\sipariskutusu\sipariskutusu\node_modules\@babel\parser\lib\index.js:9786:20)
    at C:\Users\altun\OneDrive\Masaüstü\sipariskutusu\sipariskutusu\node_modules\@babel\parser\lib\index.js:10800:39
    at TypeScriptParserMixin.allowInAnd (C:\Users\altun\OneDrive\Masaüstü\sipariskutusu\sipariskutusu\node_modules\@babel\parser\lib\index.js:12421:16)
    at TypeScriptParserMixin.parseMaybeAssignAllowIn (C:\Users\altun\OneDrive\Masaüstü\sipariskutusu\sipariskutusu\node_modules\@babel\parser\lib\index.js:10800:17)
    at TypeScriptParserMixin.parseVar (C:\Users\altun\OneDrive\Masaüstü\sipariskutusu\sipariskutusu\node_modules\@babel\parser\lib\index.js:13384:91)
    at TypeScriptParserMixin.parseVarStatement (C:\Users\altun\OneDrive\Masaüstü\sipariskutusu\sipariskutusu\node_modules\@babel\parser\lib\index.js:13230:10)
    at TypeScriptParserMixin.parseVarStatement (C:\Users\altun\OneDrive\Masaüstü\sipariskutusu\sipariskutusu\node_modules\@babel\parser\lib\index.js:9408:31)
    at TypeScriptParserMixin.parseStatementContent (C:\Users\altun\OneDrive\Masaüstü\sipariskutusu\sipariskutusu\node_modules\@babel\parser\lib\index.js:12851:23)
    at TypeScriptParserMixin.parseStatementContent (C:\Users\altun\OneDrive\Masaüstü\sipariskutusu\sipariskutusu\node_modules\@babel\parser\lib\index.js:9508:18)
    at TypeScriptParserMixin.parseStatementLike (C:\Users\altun\OneDrive\Masaüstü\sipariskutusu\sipariskutusu\node_modules\@babel\parser\lib\index.js:12767:17)
    at TypeScriptParserMixin.parseModuleItem (C:\Users\altun\OneDrive\Masaüstü\sipariskutusu\sipariskutusu\node_modules\@babel\parser\lib\index.js:12744:17)
    at TypeScriptParserMixin.parseBlockOrModuleBlockBody (C:\Users\altun\OneDrive\Masaüstü\sipariskutusu\sipariskutusu\node_modules\@babel\parser\lib\index.js:13316:36)
    at TypeScriptParserMixin.parseBlockBody (C:\Users\altun\OneDrive\Masaüstü\sipariskutusu\sipariskutusu\node_modules\@babel\parser\lib\index.js:13309:10)
    at TypeScriptParserMixin.parseProgram (C:\Users\altun\OneDrive\Masaüstü\sipariskutusu\sipariskutusu\node_modules\@babel\parser\lib\index.js:12622:10)
    at TypeScriptParserMixin.parseTopLevel (C:\Users\altun\OneDrive\Masaüstü\sipariskutusu\sipariskutusu\node_modules\@babel\parser\lib\index.js:12612:25)
    at TypeScriptParserMixin.parse (C:\Users\altun\OneDrive\Masaüstü\sipariskutusu\sipariskutusu\node_modules\@babel\parser\lib\index.js:14488:25)
    at TypeScriptParserMixin.parse (C:\Users\altun\OneDrive\Masaüstü\sipariskutusu\sipariskutusu\node_modules\@babel\parser\lib\index.js:10126:18)
    at parse (C:\Users\altun\OneDrive\Masaüstü\sipariskutusu\sipariskutusu\node_modules\@babel\parser\lib\index.js:14501:26)
    at parser (C:\Users\altun\OneDrive\Masaüstü\sipariskutusu\sipariskutusu\node_modules\@babel\core\lib\parser\index.js:41:34)
    at parser.next (<anonymous>)
    at normalizeFile (C:\Users\altun\OneDrive\Masaüstü\sipariskutusu\sipariskutusu\node_modules\@babel\core\lib\transformation\normalize-file.js:64:37)
    at normalizeFile.next (<anonymous>)
    at run (C:\Users\altun\OneDrive\Masaüstü\sipariskutusu\sipariskutusu\node_modules\@babel\core\lib\transformation\index.js:22:50)
    at run.next (<anonymous>)
    at transform (C:\Users\altun\OneDrive\Masaüstü\sipariskutusu\sipariskutusu\node_modules\@babel\core\lib\transform.js:22:33)
    at transform.next (<anonymous>)
    at evaluateSync (C:\Users\altun\OneDrive\Masaüstü\sipariskutusu\sipariskutusu\node_modules\gensync\index.js:251:28)
    at sync (C:\Users\altun\OneDrive\Masaüstü\sipariskutusu\sipariskutusu\node_modules\gensync\index.js:89:14)
 ERROR  SyntaxError: C:\Users\altun\OneDrive\Masaüstü\sipariskutusu\sipariskutusu\src\components\ProductCard.tsx: Unexpected character '¼'. (28:6)

  26 |   Hikayede:          { bg: '#EEF2FF', text: '#4338CA', border: '#C7D2FE', icon: '*', label: 'Hikayede' },
  27 |   'Ã‡ok Satan':       { bg: '#ECFDF5', text: '#065F46', border: '#A7F3D0', icon: '*', label: 'Cok Satan' },
> 28 |   PopÃ¼ler:           { bg: '#FFF7ED', text: '#C2410C', border: '#FED7AA', icon: '*', label: 'Populer' },
     |       ^
  29 |   'PopÃ¼ler Ä°lan':    { bg: '#FFF7ED', text: '#C2410C', border: '#FED7AA', icon: '*', label: 'Populer Ilan' },
  30 |   'En Ã‡ok Ä°ncelenen':{ bg: '#F0FDF4', text: '#166534', border: '#BBF7D0', icon: 'o', label: 'Cok Incelenen' },
  31 |   Vitrinde:          { bg: '#DBEAFE', text: '#1E40AF', border: '#BFDBFE', icon: '*', label: 'Vitrinde' },
    at constructor (C:\Users\altun\OneDrive\Masaüstü\sipariskutusu\sipariskutusu\node_modules\@babel\parser\lib\index.js:365:19)
    at TypeScriptParserMixin.raise (C:\Users\altun\OneDrive\Masaüstü\sipariskutusu\sipariskutusu\node_modules\@babel\parser\lib\index.js:6599:19)
    at TypeScriptParserMixin.getTokenFromCode (C:\Users\altun\OneDrive\Masaüstü\sipariskutusu\sipariskutusu\node_modules\@babel\parser\lib\index.js:6306:16)
    at TypeScriptParserMixin.getTokenFromCode (C:\Users\altun\OneDrive\Masaüstü\sipariskutusu\sipariskutusu\node_modules\@babel\parser\lib\index.js:4797:11)
    at TypeScriptParserMixin.getTokenFromCode (C:\Users\altun\OneDrive\Masaüstü\sipariskutusu\sipariskutusu\node_modules\@babel\parser\lib\index.js:9987:11)
    at TypeScriptParserMixin.nextToken (C:\Users\altun\OneDrive\Masaüstü\sipariskutusu\sipariskutusu\node_modules\@babel\parser\lib\index.js:5782:10)
    at TypeScriptParserMixin.next (C:\Users\altun\OneDrive\Masaüstü\sipariskutusu\sipariskutusu\node_modules\@babel\parser\lib\index.js:5692:10)
    at TypeScriptParserMixin.parseIdentifierName (C:\Users\altun\OneDrive\Masaüstü\sipariskutusu\sipariskutusu\node_modules\@babel\parser\lib\index.js:12213:10)
    at TypeScriptParserMixin.parseIdentifier (C:\Users\altun\OneDrive\Masaüstü\sipariskutusu\sipariskutusu\node_modules\@babel\parser\lib\index.js:12181:23)
    at TypeScriptParserMixin.parsePropertyName (C:\Users\altun\OneDrive\Masaüstü\sipariskutusu\sipariskutusu\node_modules\@babel\parser\lib\index.js:11994:20)
    at TypeScriptParserMixin.parsePropertyDefinition (C:\Users\altun\OneDrive\Masaüstü\sipariskutusu\sipariskutusu\node_modules\@babel\parser\lib\index.js:11889:10)
    at TypeScriptParserMixin.parseObjectLike (C:\Users\altun\OneDrive\Masaüstü\sipariskutusu\sipariskutusu\node_modules\@babel\parser\lib\index.js:11832:21)
    at TypeScriptParserMixin.parseExprAtom (C:\Users\altun\OneDrive\Masaüstü\sipariskutusu\sipariskutusu\node_modules\@babel\parser\lib\index.js:11339:23)
    at TypeScriptParserMixin.parseExprAtom (C:\Users\altun\OneDrive\Masaüstü\sipariskutusu\sipariskutusu\node_modules\@babel\parser\lib\index.js:4764:20)
    at TypeScriptParserMixin.parseExprSubscripts (C:\Users\altun\OneDrive\Masaüstü\sipariskutusu\sipariskutusu\node_modules\@babel\parser\lib\index.js:11081:23)
    at TypeScriptParserMixin.parseUpdate (C:\Users\altun\OneDrive\Masaüstü\sipariskutusu\sipariskutusu\node_modules\@babel\parser\lib\index.js:11066:21)
    at TypeScriptParserMixin.parseMaybeUnary (C:\Users\altun\OneDrive\Masaüstü\sipariskutusu\sipariskutusu\node_modules\@babel\parser\lib\index.js:11046:23)
    at TypeScriptParserMixin.parseMaybeUnary (C:\Users\altun\OneDrive\Masaüstü\sipariskutusu\sipariskutusu\node_modules\@babel\parser\lib\index.js:9837:18)
    at TypeScriptParserMixin.parseMaybeUnaryOrPrivate (C:\Users\altun\OneDrive\Masaüstü\sipariskutusu\sipariskutusu\node_modules\@babel\parser\lib\index.js:10899:61)
    at TypeScriptParserMixin.parseExprOps (C:\Users\altun\OneDrive\Masaüstü\sipariskutusu\sipariskutusu\node_modules\@babel\parser\lib\index.js:10904:23)
    at TypeScriptParserMixin.parseMaybeConditional (C:\Users\altun\OneDrive\Masaüstü\sipariskutusu\sipariskutusu\node_modules\@babel\parser\lib\index.js:10881:23)
    at TypeScriptParserMixin.parseMaybeAssign (C:\Users\altun\OneDrive\Masaüstü\sipariskutusu\sipariskutusu\node_modules\@babel\parser\lib\index.js:10831:21)
    at TypeScriptParserMixin.parseMaybeAssign (C:\Users\altun\OneDrive\Masaüstü\sipariskutusu\sipariskutusu\node_modules\@babel\parser\lib\index.js:9786:20)
    at C:\Users\altun\OneDrive\Masaüstü\sipariskutusu\sipariskutusu\node_modules\@babel\parser\lib\index.js:10800:39
    at TypeScriptParserMixin.allowInAnd (C:\Users\altun\OneDrive\Masaüstü\sipariskutusu\sipariskutusu\node_modules\@babel\parser\lib\index.js:12421:16)
    at TypeScriptParserMixin.parseMaybeAssignAllowIn (C:\Users\altun\OneDrive\Masaüstü\sipariskutusu\sipariskutusu\node_modules\@babel\parser\lib\index.js:10800:17)
    at TypeScriptParserMixin.parseVar (C:\Users\altun\OneDrive\Masaüstü\sipariskutusu\sipariskutusu\node_modules\@babel\parser\lib\index.js:13384:91)
    at TypeScriptParserMixin.parseVarStatement (C:\Users\altun\OneDrive\Masaüstü\sipariskutusu\sipariskutusu\node_modules\@babel\parser\lib\index.js:13230:10)
    at TypeScriptParserMixin.parseVarStatement (C:\Users\altun\OneDrive\Masaüstü\sipariskutusu\sipariskutusu\node_modules\@babel\parser\lib\index.js:9408:31)
    at TypeScriptParserMixin.parseStatementContent (C:\Users\altun\OneDrive\Masaüstü\sipariskutusu\sipariskutusu\node_modules\@babel\parser\lib\index.js:12851:23)
    at TypeScriptParserMixin.parseStatementContent (C:\Users\altun\OneDrive\Masaüstü\sipariskutusu\sipariskutusu\node_modules\@babel\parser\lib\index.js:9508:18)
    at TypeScriptParserMixin.parseStatementLike (C:\Users\altun\OneDrive\Masaüstü\sipariskutusu\sipariskutusu\node_modules\@babel\parser\lib\index.js:12767:17)
    at TypeScriptParserMixin.parseModuleItem (C:\Users\altun\OneDrive\Masaüstü\sipariskutusu\sipariskutusu\node_modules\@babel\parser\lib\index.js:12744:17)
    at TypeScriptParserMixin.parseBlockOrModuleBlockBody (C:\Users\altun\OneDrive\Masaüstü\sipariskutusu\sipariskutusu\node_modules\@babel\parser\lib\index.js:13316:36)
    at TypeScriptParserMixin.parseBlockBody (C:\Users\altun\OneDrive\Masaüstü\sipariskutusu\sipariskutusu\node_modules\@babel\parser\lib\index.js:13309:10)
    at TypeScriptParserMixin.parseProgram (C:\Users\altun\OneDrive\Masaüstü\sipariskutusu\sipariskutusu\node_modules\@babel\parser\lib\index.js:12622:10)
    at TypeScriptParserMixin.parseTopLevel (C:\Users\altun\OneDrive\Masaüstü\sipariskutusu\sipariskutusu\node_modules\@babel\parser\lib\index.js:12612:25)
    at TypeScriptParserMixin.parse (C:\Users\altun\OneDrive\Masaüstü\sipariskutusu\sipariskutusu\node_modules\@babel\parser\lib\index.js:14488:25)
    at TypeScriptParserMixin.parse (C:\Users\altun\OneDrive\Masaüstü\sipariskutusu\sipariskutusu\node_modules\@babel\parser\lib\index.js:10126:18)
    at parse (C:\Users\altun\OneDrive\Masaüstü\sipariskutusu\sipariskutusu\node_modules\@babel\parser\lib\index.js:14501:26)
    at parser (C:\Users\altun\OneDrive\Masaüstü\sipariskutusu\sipariskutusu\node_modules\@babel\core\lib\parser\index.js:41:34)
    at parser.next (<anonymous>)
    at normalizeFile (C:\Users\altun\OneDrive\Masaüstü\sipariskutusu\sipariskutusu\node_modules\@babel\core\lib\transformation\normalize-file.js:64:37)
    at normalizeFile.next (<anonymous>)
    at run (C:\Users\altun\OneDrive\Masaüstü\sipariskutusu\sipariskutusu\node_modules\@babel\core\lib\transformation\index.js:22:50)
    at run.next (<anonymous>)
    at transform (C:\Users\altun\OneDrive\Masaüstü\sipariskutusu\sipariskutusu\node_modules\@babel\core\lib\transform.js:22:33)
    at transform.next (<anonymous>)
    at evaluateSync (C:\Users\altun\OneDrive\Masaüstü\sipariskutusu\sipariskutusu\node_modules\gensync\index.js:251:28)
    at sync (C:\Users\altun\OneDrive\Masaüstü\sipariskutusu\sipariskutusu\node_modules\gensync\index.js:89:14)
